:020000040800F2
:10000000000002208D210008511900085319000832
:100010005519000857190008591900080000000078
:10002000000000000000000000000000C1520008B5
:100030005B1900080000000061530008C553000868
:10004000DD210008DD210008DD210008DD21000898
:10005000DD210008DD210008DD210008DD21000888
:10006000DD210008DD210008DD210008DD21000878
:100070005D190008DD210008DD210008DD210008F0
:10008000DD210008DD210008DD210008DD21000858
:100090006D190008DD210008DD210008DD210008C0
:1000A000DD210008DD210008DD210008DD21000838
:1000B000DD210008DD210008DD210008DD21000828
:1000C000DD210008DD210008DD210008DD21000818
:1000D000DD2100087D190008DD2100083D8B0008A6
:1000E000DD210008DD210008DD210008DD210008F8
:1000F000DD210008DD210008DD210008DD210008E8
:10010000DD210008DD210008DD210008DD210008D7
:10011000DD210008DD210008DD2100088D1900081F
:10012000DD2100089D190008AD190008DD21000837
:10013000DD210008DD210008DD210008DD210008A7
:10014000BD190008DD210008DD210008DD210008BF
:10015000DD210008CD190008DD190008ED1900089F
:10016000DD210008DD210008DD210008DD21000877
:10017000DD210008DD210008DD210008000000006D
:08018000DD210008DD2100086B
:1001C00081F0004102E000BF83F0004330B54FEA08
:1001D00041044FEA430594EA050F08BF90EA020F75
:1001E0001FBF54EA000C55EA020C7FEA645C7FEA08
:1001F000655C00F0E2804FEA5454D4EB5555B8BF2B
:100200006D420CDD2C4480EA020281EA030382EA9B
:10021000000083EA010180EA020281EA0303362D2D
:1002200088BF30BD11F0004F4FEA01314FF4801C00
:100230004CEA113102D0404261EB410113F0004F12
:100240004FEA03334CEA133302D0524263EB4303C9
:1002500094EA050F00F0A780A4F10104D5F1200E67
:100260000DDB02FA0EFC22FA05F2801841F10001C2
:1002700003FA0EF2801843FA05F359410EE0A5F196
:1002800020050EF1200E012A03FA0EFC28BF4CF0C7
:10029000020C43FA05F3C01851EBE37101F000457D
:1002A00007D54FF0000EDCF1000C7EEB00006EEB8A
:1002B0000101B1F5801F1BD3B1F5001F0CD3490814
:1002C0005FEA30004FEA3C0C04F101044FEA44526B
:1002D00012F5800F80F09A80BCF1004F08BF5FEAF2
:1002E000500C50F1000041EB045141EA050130BDD2
:1002F0005FEA4C0C404141EB0101013C28BFB1F5E4
:10030000801FE9D291F0000F04BF01460020B1FA2E
:1003100081F308BF2033A3F10B03B3F120020CDA01
:100320000C3208DD02F1140CC2F10C0201FA0CF0DF
:1003300021FA02F10CE002F11402D8BFC2F1200C44
:1003400001FA02F120FA0CFCDCBF41EA0C019040FA
:10035000E41AA2BF01EB0451294330BD6FEA040443
:100360001F3C1CDA0C340EDC04F11404C4F120022E
:1003700020FA04F001FA02F340EA030021FA04F340
:1003800045EA030130BDC4F10C04C4F1200220FA97
:1003900002F001FA04F340EA0300294630BD21FAD5
:1003A00004F0294630BD94F0000F83F4801306BF9B
:1003B00081F480110134013D4EE77FEA645C18BF8F
:1003C0007FEA655C29D094EA050F08BF90EA020F26
:1003D00005D054EA000C04BF1946104630BD91EA1E
:1003E000030F1EBF0021002030BD5FEA545C05D121
:1003F0004000494128BF41F0004130BD14F5800460
:100400003CBF01F5801130BD01F0004545F0FE41D3
:1004100041F470014FF0000030BD7FEA645C1ABF08
:10042000194610467FEA655C1CBF0B46024650EA3F
:10043000013406BF52EA033591EA030F41F400216B
:1004400030BD00BF90F0000F04BF0021704730B5F1
:100450004FF4806404F132044FF000054FF00001C6
:1004600050E700BF90F0000F04BF0021704730B587
:100470004FF4806404F1320410F0004548BF40425C
:100480004FF000013EE700BF42004FEAE2014FEAB1
:1004900031014FEA02701FBF12F07F4393F07F4F8C
:1004A00081F06051704732F07F4208BF704793F08F
:1004B0007F4F04BF41F40021704730B54FF46074A2
:1004C00001F0004521F000411CE700BF50EA0102A5
:1004D00008BF704730B54FF000050AE050EA01024E
:1004E00008BF704730B511F0004502D5404261EBBE
:1004F00041014FF4806404F132045FEA915C3FF4FF
:10050000D8AE4FF003025FEADC0C18BF03325FEA9B
:10051000DC0C18BF033202EBDC02C2F1200300FA4C
:1005200003FC20FA02F001FA03FE40EA0E0021FA71
:1005300002F11444BDE600BF4FEA4102B2F1E043CC
:1005400024BFB3F5001CDCF1FE5C0DD901F0004CBA
:100550004FEAC0024CEA5070B2F1004F40EB83000A
:1005600008BF20F00100704711F0804F21D113F136
:100570003872BCBF01F00040704741F480114FEA6F
:100580005252C2F11802C2F1200C10FA0CF320FAF8
:1005900002F018BF40F001004FEAC1234FEAD32315
:1005A00003FA0CFC40EA0C0023FA02F34FEA43037F
:1005B000CCE77FEA625307D150EA01331EBF4FF008
:1005C000FE4040F44000704701F0004040F0FE4023
:1005D00040F40000704700BF53B94AB9002908BF72
:1005E00000281CBF4FF0FF314FF0FF3000F00CB877
:1005F000ADF1080C6DE904CE08F0FCFDDDF804E077
:10060000DDE9022304B07047704700BF844641EA29
:10061000000313F003036DD1403A41D351F8043B7A
:1006200040F8043B51F8043B40F8043B51F8043BCC
:1006300040F8043B51F8043B40F8043B51F8043BBC
:1006400040F8043B51F8043B40F8043B51F8043BAC
:1006500040F8043B51F8043B40F8043B51F8043B9C
:1006600040F8043B51F8043B40F8043B51F8043B8C
:1006700040F8043B51F8043B40F8043B51F8043B7C
:1006800040F8043B51F8043B40F8043B51F8043B6C
:1006900040F8043B51F8043B40F8043B403ABDD2DB
:1006A000303211D351F8043B40F8043B51F8043B7D
:1006B00040F8043B51F8043B40F8043B51F8043B3C
:1006C00040F8043B103AEDD20C3205D351F8043B0C
:1006D00040F8043B043AF9D2043208D0D2071CBFD8
:1006E00011F8013B00F8013B01D30B880380604601
:1006F000704700BF082A13D38B078DD010F0030377
:100700008AD0C3F10403D21ADB071CBF11F8013BE6
:1007100000F8013B80D331F8023B20F8023B7BE735
:10072000043AD9D3013A11F8013B00F8013BF9D260
:100730000B7803704B7843708B78837060467047FA
:1007400001F0FF01102A2BDB10F0070F08D010F882
:10075000013B013A8B422DD010F0070F42B3F6D186
:10076000F0B441EA012141EA014122F007047FF09F
:1007700000070023F0E80256083C85EA010586EAF6
:10078000010685FA47F5A3FA87F586FA47F6A5FA32
:1007900087F68EB9EED1F0BC01F0FF0102F007023E
:1007A00032B110F8013B013A83EA010313B1F8D1E9
:1007B0000020704701387047002D06BF35460338CA
:1007C000073815F0010F07D1013015F4807F02BF03
:1007D000013015F4C03F0130F0BC0138704700BF54
:1007E0000000000000000000000000000000000009
:1007F00000000000000000000000000000000000F9
:1008000030B490F800F020F007016FF0000C10F009
:10081000070491F820F040F048804FF000046FF09A
:100820000700D1E9002391F840F000F1080082FAB6
:100830004CF2A4FA8CF283FA4CF3A2FA8CF34BBB81
:10084000D1E9022382FA4CF200F10800A4FA8CF2FA
:1008500083FA4CF3A2FA8CF3E3B9D1E9042382FAC8
:100860004CF200F10800A4FA8CF283FA4CF3A2FADD
:100870008CF37BB9D1E9062301F1200182FA4CF215
:1008800000F10800A4FA8CF283FA4CF3A2FA8CF37C
:10089000002BC6D0002A04BF04301A4612BAB2FA9E
:1008A00082F200EBD20030BC7047D1E9002304F0A3
:1008B0000305C4F100004FEAC50514F0040F91F8D8
:1008C00040F00CFA05F562EA05021CBF63EA050375
:1008D00062464FF00004AAE770B54FF0FF0C4CF4ED
:1008E000E06C1CEA11541DBF1CEA135594EA0C0F6E
:1008F00095EA0C0F00F0DEF82C4481EA030621EAA9
:100900004C5123EA4C5350EA013518BF52EA0335E3
:1009100041F4801143F4801338D0A0FB02CE4FF095
:100920000005E1FB02E506F00042E0FB03E54FF0C5
:100930000006E1FB03569CF0000F18BF4EF0010EBD
:10094000A4F1FF04B6F5007F64F5407404D25FEAB9
:100950004E0E6D4146EB060642EAC62141EA55516C
:100960004FEAC52040EA5E504FEACE2EB4F1FD0CAE
:1009700088BFBCF5E06F1ED8BEF1004F08BF5FEA2C
:10098000500E50F1000041EB045170BD06F00046DE
:1009900046EA010140EA020081EA0301B4EB5C048B
:1009A000C2BFD4EB0C0541EA045170BD41F4801183
:1009B0004FF0000E013C00F3AB8014F1360FDEBFA8
:1009C000002001F0004170BDC4F10004203C35DA84
:1009D0000C341BDC04F11404C4F1200500FA05F307
:1009E00020FA04F001FA05F240EA020001F00042A8
:1009F00021F0004110EBD37021FA04F642EB06011E
:100A00005EEA430E08BF20EAD37070BDC4F10C0447
:100A1000C4F1200500FA04F320FA05F001FA04F20B
:100A200040EA020001F0004110EBD37041F10001F7
:100A30005EEA430E08BF20EAD37070BDC4F1200502
:100A400000FA05F24EEA020E20FA04F301FA05F26A
:100A500043EA020321FA04F001F0004121FA04F212
:100A600020EA020000EBD3705EEA430E08BF20EAE2
:100A7000D37070BD94F0000F0FD101F0004640001C
:100A800041EB010111F4801F08BF013CF7D041EA9E
:100A9000060195F0000F18BF704703F000465200A2
:100AA00043EB030313F4801F08BF013DF7D043EA73
:100AB0000603704794EA0C0F0CEA135518BF95EA29
:100AC0000C0F0CD050EA410618BF52EA4306D1D1B0
:100AD00081EA030101F000414FF0000070BD50EACF
:100AE000410606BF1046194652EA430619D094EA59
:100AF0000C0F02D150EA013613D195EA0C0F05D143
:100B000052EA03361CBF104619460AD181EA030196
:100B100001F0004141F0FE4141F470014FF000004E
:100B200070BD41F0FE4141F4780170BD70B54FF0E9
:100B3000FF0C4CF4E06C1CEA11541DBF1CEA135569
:100B400094EA0C0F95EA0C0F00F0A7F8A4EB05044B
:100B500081EA030E52EA03354FEA013100F0888042
:100B60004FEA03334FF0805545EA131343EA12630B
:100B70004FEA022245EA111545EA10654FEA0026C0
:100B80000EF000419D4208BF964244F1FD0404F579
:100B9000407402D25B084FEA3202B61A65EB0305D5
:100BA0005B084FEA32024FF480104FF4002CB6EB92
:100BB000020E75EB030E22BFB61A754640EA0C0012
:100BC0005B084FEA3202B6EB020E75EB030E22BF52
:100BD000B61A754640EA5C005B084FEA3202B6EB93
:100BE000020E75EB030E22BFB61A754640EA9C0052
:100BF0005B084FEA3202B6EB020E75EB030E22BF22
:100C0000B61A754640EADC0055EA060E18D04FEADF
:100C1000051545EA16754FEA06164FEAC30343EA7F
:100C200052734FEAC2025FEA1C1CC0D111F4801F4C
:100C30000BD141EA00014FF000004FF0004CB6E745
:100C400011F4801F04BF01430020B4F1FD0C88BFE4
:100C5000BCF5E06F3FF6AFAEB5EB030C04BFB6EBEF
:100C6000020C5FEA500C50F1000041EB045170BDE2
:100C70000EF0004E4EEA113114EB5C04C2BFD4EB0F
:100C80000C0541EA045170BD41F480114FF0000E93
:100C9000013C90E645EA060E8DE60CEA135594EA0F
:100CA0000C0F08BF95EA0C0F3FF43BAF94EA0C0F12
:100CB0000AD150EA01347FF434AF95EA0C0F7FF487
:100CC00025AF104619462CE795EA0C0F06D152EADB
:100CD00003353FF4FDAE1046194622E750EA4106BF
:100CE00018BF52EA43067FF4C5AE50EA41047FF4D0
:100CF0000DAF52EA43057FF4EBAE12E74FF0FF3C35
:100D000006E000BF4FF0010C02E000BF4FF0010C05
:100D10004DF804CD4FEA410C7FEA6C5C4FEA430C7E
:100D200018BF7FEA6C5C1BD001B050EA410C0CBFCD
:100D300052EA430C91EA030F02BF90EA020F00202F
:100D4000704710F1000F91EA030F58BF994208BF96
:100D500090422CBFD8176FEAE37040F00100704753
:100D60004FEA410C7FEA6C5C02D150EA013C07D1AA
:100D70004FEA430C7FEA6C5CD6D152EA033CD3D0F5
:100D80005DF8040B704700BF8446104662468C46EF
:100D90001946634600E000BF01B5FFF7B7FF002822
:100DA00048BF10F1000F01BD4DF808EDFFF7F4FF4B
:100DB0000CBF012000205DF808FB00BF4DF808EDD6
:100DC000FFF7EAFF34BF012000205DF808FB00BFF9
:100DD0004DF808EDFFF7E0FF94BF012000205DF81B
:100DE00008FB00BF4DF808EDFFF7CEFF94BF0120D0
:100DF00000205DF808FB00BF4DF808EDFFF7C4FFC9
:100E000034BF012000205DF808FB00BF4FEA410C11
:100E10007FEA6C5C02D150EA013C0AD14FEA430CF4
:100E20007FEA6C5C02D152EA033C02D14FF0000031
:100E300070474FF0010070474FEA410212F500126F
:100E400015D211D56FF47873B3EB625212D94FEA11
:100E5000C12343F0004343EA505311F0004F23FAFB
:100E600002F018BF404270474FF00000704750EA50
:100E7000013005D111F0004008BF6FF0004070470D
:100E80004FF00000704700BF0348044B834202D07C
:100E9000034B03B118477047DC070020DC07002034
:100EA000000000000548064B1B1AD90F01EBA301F7
:100EB000491002D0034B03B118477047DC070020EC
:100EC000DC0700200000000010B5064C237843B971
:100ED000FFF7DAFF044B13B10448AFF3008001239E
:100EE000237010BDE007002000000000381001084A
:100EF00008B5054B1BB105490548AFF30080BDE8B7
:100F00000840FFF7CFBF00BF00000000E40700204B
:100F10003810010808B50D480D4B036003234360EA
:100F200000238360C3604FF4102202614FF400126B
:100F30004261037643768376C3760377437701F085
:100F40007BF900B908BD00F00BFBFBE72808002087
:100F50000064004008B50D480D4B03600323436057
:100F600000238360C3604FF4102202614FF400122B
:100F70004261037643768376C3760377437701F045
:100F80005BF900B908BD00F0EBFAFBE700080020B0
:100F90000068004010B58AB00023059306930793BC
:100FA0000893099303683D4A934204D03C4A934214
:100FB00034D00AB010BD3B4A136801331360012BD3
:100FC0001FD000240194384B1A6B42F008021A63B8
:100FD0001B6B03F008030193019B0323059302227B
:100FE000069208930923099305A9304801F0CEFF22
:100FF00022460521142001F053FD142001F060FD6C
:10100000D7E700230093284B1A6C42F000721A6451
:101010001B6C03F000730093009BD2E70023029344
:10102000214B1A6C42F080621A641B6C03F08063DF
:101030000293029B1B4A136801331360012B20D0DB
:1010400000240494184B1A6B42F002021A631B6BC3
:1010500003F002030493049B602305930223069389
:10106000032308930923099305A9114801F08EFF72
:1010700022460521402001F013FD402001F020FD13
:1010800097E700230393084B1A6C42F000721A642E
:101090001B6C03F000730393039BD1E700640040D3
:1010A00000680040FC07002000380240000C0240AD
:1010B0000004024010B582B0002400941E4B1A6B4D
:1010C00042F480021A631A6B02F480020092009AC2
:1010D00001941A6B42F400121A631B6B03F40013A1
:1010E0000193019B224605210C2001F0D9FC0C2024
:1010F00001F0E6FC22460521392001F0D1FC39201F
:1011000001F0DEFC224605213A2001F0C9FC3A201C
:1011100001F0D6FC22460521452001F0C1FC452006
:1011200001F0CEFC22460521462001F0B9FC462004
:1011300001F0C6FC02B010BD0038024008B5012025
:1011400004F017F8FBE708B5012004F012F8FBE7FC
:10115000034B0360034B0B6080231360704700BF99
:10116000500A00205008002010B5EAB0874C0DF559
:10117000C67CA646BEE80F00ACE80F009EE807005C
:101180008CE80700002163A803F0C0FF804B1860C3
:101190000DF5B87C04F11C0EBEE80F00ACE80F00A2
:1011A0009EE807008CE8070000215CA803F0AEFF72
:1011B000784B18600DF5AA7C04F1380EBEE80F00DC
:1011C000ACE80F009EE807008CE80700002155A856
:1011D00003F09CFF704B18600DF59C7C04F1540EDD
:1011E000BEE80F00ACE80F009EE807008CE807009F
:1011F00000214EA803F08AFF684B18600DF58E7C25
:1012000004F1700EBEE80F00ACE80F009EE8070086
:101210008CE80700002147A803F078FF604B1860B6
:101220000DF5807C04F18C0EBEE80F00ACE80F00D9
:101230009EE807008CE80700002140A803F066FF45
:10124000584B18600DF1E40C04F1A80EBEE80F0035
:10125000ACE80F009EE807008CE80700002139A8E1
:1012600003F054FF504B18600DF1C80C04F1C40E8C
:10127000BEE80F00ACE80F009EE807008CE807000E
:10128000002132A803F042FF484B18600DF1AC0C6E
:1012900004F1E00EBEE80F00ACE80F009EE8070086
:1012A0008CE8070000212BA803F030FF404B1860AA
:1012B0000DF1900C04F1FC0EBEE80F00ACE80F003D
:1012C0009EE807008CE80700002124A803F01EFF19
:1012D000384B18600DF1740C04F58C7EBEE80F00DD
:1012E000ACE80F009EE807008CE8070000211DA86D
:1012F00003F00CFF304B18600DF1580C04F59A7E8A
:10130000BEE80F00ACE80F009EE807008CE807007D
:10131000002116A803F0FAFE284B18600DF13C0CD2
:1013200004F5A87EBEE80F00ACE80F009EE80700B9
:101330008CE8070000210FA803F0E8FE204B18609E
:101340000DF1200C04F5B67EBEE80F00ACE80F00EE
:101350009EE807008CE80700002108A803F0D6FEED
:10136000184B18600DF1040C04F5C4740FCCACE8F4
:101370000F0094E807008CE80700002101A803F0A3
:10138000C5FE114B18606AB010BD00BF50100108B7
:10139000200C00201C0C0020180C0020140C002035
:1013A000100C00200C0C0020080C0020040C002065
:1013B000000C0020FC0B0020F80B0020F40B002098
:1013C000F00B0020EC0B0020E80B00202DE9F0438F
:1013D0008FB0002409940A940B940C940D940094FB
:1013E000534B1A6B42F002021A631A6B02F00202AC
:1013F0000092009A01941A6B42F040021A631A6B31
:1014000002F040020192019A02941A6B42F001022A
:101410001A631A6B02F001020292029A03941A6B89
:1014200042F008021A631A6B02F008020392039A50
:1014300004941A6B42F004021A631A6B02F004025D
:101440000492049A05941A6B42F480721A631A6B20
:1014500002F480720592059A06941A6B42F02002FB
:101460001A631A6B02F020020692069A07941A6B0E
:1014700042F080021A631A6B02F080020792079A08
:1014800008941A6B42F010021A631B6B03F01003EE
:101490000893089BDFF8A89022460321484601F0F4
:1014A0006BFEDFF8A08022464FF4E051404601F089
:1014B00063FE204F01221021384601F05DFE1E4ED2
:1014C00001221146304601F057FE032309930125FE
:1014D0000A950B940C9409A9484601F057FD4FF466
:1014E000E05309930A950B940C9409A9404601F026
:1014F0004DFD102309930A950B9502240C9409A91C
:10150000384601F043FD302309934FF488130A93C2
:101510000B9509A9094801F039FD09950A950B9524
:101520000C9409A9304601F031FD0FB0BDE8F083FD
:10153000003802400000024000040240000802405F
:1015400000140240001C024008B50268034B9A4296
:1015500000D008BD00F05EFEFBE700BF00140040B5
:1015600072B6FEE700B595B03022002108A808F059
:10157000F3F80023039304930593069307930193D1
:10158000204A116C41F080511164126C02F08052BB
:101590000192019A02931C4B1A6842F480421A602D
:1015A0001B6803F480430293029B012308934FF4CA
:1015B0008033099302230E934FF480020F92062288
:1015C0001092A822119212930423139308A801F0F9
:1015D000E3FD98B90F23039302230493002305939B
:1015E0004FF4A05306934FF480530793052103A8AB
:1015F00002F022F820B915B05DF804FBFFF7B0FF48
:10160000FFF7AEFF003802400070004008B502F05E
:1016100007F900F0E5FDFFF7A5FFFFF7D7FEFFF79D
:1016200049FD00F02FFC00F00FFCFFF773FCFFF703
:1016300091FC00F0EFFB00F0D3FA00F063FB00F048
:10164000A3F84A4C204602F07FFC0021204602F01D
:10165000B7FF0421204602F0B3FF0821204602F024
:10166000AFFF0021204602F0ABFF414C204602F0C4
:101670006BFC0021204602F0A3FF0421204602F06B
:101680009FFF0821204602F09BFF012239493A487A
:1016900003F01EFD07F044FA07F04CFA374B1860D0
:1016A000374C4FF4E0720021204608F055F8012233
:1016B0002270022384F83830032084F8700004215B
:1016C00084F8A81084F8E02084F8183184F85001D8
:1016D00084F88811627084F8392084F8712084F8C5
:1016E000A92084F8E13084F8193184F8513184F864
:1016F0008931244B2361A364C4F88030C4F8B83026
:10170000C4F8F030C4F82831C4F86031C4F8983116
:1017100005F076FD04F0A8FD06F0CAF906F0F8F928
:1017200006F026FA06F054FA06F082FA06F0ECFB10
:1017300006F01AFC06F000FF06F0DAFE06F02AFFBB
:1017400006F056FF06F0A8FF06F0D6FF07F010FBE4
:1017500007F0F6FB07F038FC07F014FC07F056FC26
:10176000FFF702FD03F0CDFCFEE700BF780E00207E
:10177000300E0020380C002030110020880D002091
:1017800060500020CDCCCC3D08B50F480F4B036016
:101790004FF48273436000238360C36002220261BE
:1017A000012242614FF4007282613822C2610362F9
:1017B000436283620A23C36202F074F900B908BD70
:1017C000FFF7CEFEFBE700BF8C0D0020003001408C
:1017D000F0B589B000230393049305930693079310
:1017E00002681E4B9A4201D009B0F0BD002400945B
:1017F00003F584335A6C42F480525A645A6C02F4F2
:1018000080520092009A01941A6B42F002021A630D
:101810001A6B02F002020192019A02941A6B42F0D2
:1018200001021A631B6B03F001030293029B18234E
:10183000039302270497032606960525079503A917
:10184000074801F0A3FB80230393049705940696B1
:10185000079503A9034801F099FBC5E70030014053
:10186000000402400000024000B583B00022009254
:101870000D4B596C41F480415964596C01F480411D
:10188000009100990192196C41F0805119641B6C10
:1018900003F080530193019B0F216FF0010001F0D1
:1018A000FFF803B05DF804FB0038024030B589B0A2
:1018B000044600230193214B1A6C42F020021A6463
:1018C0001B6C03F020030193019B02A903A801F004
:1018D00089FF069BCBB901F065FF0346184AA2FBBE
:1018E00003239B0C013B1748174A026040F2E73282
:1018F000C2604360002303618360836102F0C6FC21
:10190000054630B1284609B030BD01F04BFF430019
:10191000E4E70C4802F056FB05460028F2D13720D8
:1019200001F0CEF80F2C01D90125EBE7002221466A
:10193000372001F0B5F8054B1C60E3E700380240A2
:1019400083DE1B43E40D0020001400401C00002037
:10195000FEE7FEE7FEE7FEE7FEE7704708B5024850
:1019600001F026FA08BD00BF800F002008B502482C
:1019700000F01AFF08BD00BF2808002008B5024883
:1019800003F0B6F908BD00BF3011002008B50248C9
:1019900002F061FB08BD00BFE40D002008B502485D
:1019A00001F006FA08BD00BFC00E002008B50248CD
:1019B00001F0FEF908BD00BF4010002008B5024844
:1019C00000F0F2FE08BD00BF0008002008B5024884
:1019D00001F0EEF908BD00BF200F002008B5024855
:1019E00001F0E6F908BD00BFE00F002008B502488D
:1019F00003F07EF908BD00BFA01000200120704751
:101A000008B507F085FF162303604FF0FF3008BDCF
:101A100008B54FF0FF31FFF7F3FFFEE770B50C4656
:101A20001646002506E0AFF30080214601F8010BC1
:101A300001350C46B542F6DB304670BD70B50C463C
:101A40001646002504E014F8010BAFF300800135C1
:101A5000B542F8DB304670BD4FF0FF3070474FF4B1
:101A600000534B60002070470120704700207047F2
:101A700010B503460C4A0D490D48006840B10C48AA
:101A800000680344521A934206D8094A136010BDF5
:101A90000748084C0460F2E707F03AFF0C230360A4
:101AA0004FF0FF30F3E700BF000002200004000009
:101AB0002C0E0020B85B0020034AD2F8883043F493
:101AC0007003C2F88830704700ED00E082B0036810
:101AD000104A934204D0104A93420ED002B070478D
:101AE000002300930D4B5A6C42F001025A645B6C68
:101AF00003F001030093009BF0E700230193074BE1
:101B00005A6C42F002025A645B6C03F002030193C8
:101B1000019BE3E70000014000040140003802405F
:101B200070B588B00023039304930593069307933D
:101B30000368254A934204D0244A934219D008B03E
:101B400070BD00230093224B1A6B42F010021A63FF
:101B50001B6B03F010030093009B4FF4D4430393DB
:101B6000022304930123079303A91A4801F00EFAF4
:101B7000E5E700240194164B1A6B42F480721A6355
:101B80001A6B02F480720192019A02941A6B42F06D
:101B900004021A631B6B03F004030293029BC0232D
:101BA0000393022604960325079503A90A4801F02A
:101BB000EDF940230393049605940694079503A931
:101BC000064801F0E3F9BAE70000014000040140D3
:101BD000003802400010024000200240000802408D
:101BE00010B596B000241294139414941594109484
:101BF000119409940A940B940C940D940E940F94E0
:101C00002022214601A807F0A7FD3C483C4B036079
:101C1000A7234360846044F61F63C360046144618A
:101C2000846102F033FB00284DD14FF480531293AE
:101C300012A9324802F035FC002847D12F4802F0A3
:101C400051FB002845D100231093119310A92B4874
:101C500002F038FD00283FD1602309934FF4FA6366
:101C60000A9300220B920C920D920E920F9209A9E8
:101C7000224802F09BFB002831D1042209A91F4809
:101C800002F094FB70BB082209A91C4802F08EFBED
:101C900058BB0C2209A9194802F088FB40BB00235D
:101CA000019302930393049305934FF40052069219
:101CB000089301A9114802F04BFDE0B90F48FFF766
:101CC0002FFF16B010BDFFF74BFCAEE7FFF748FC47
:101CD000B4E7FFF745FCB6E7FFF742FCBCE7FFF7C8
:101CE0003FFCCAE7FFF73CFCCDE7FFF739FCD0E744
:101CF000FFF736FCD3E7FFF733FCDFE7780E002071
:101D00000000014010B596B000241294139414946E
:101D100015941094119409940A940B940C940D94B6
:101D20000E940F942022214601A807F015FD374894
:101D3000374B0360A7234360846044F61F63C3608E
:101D400004614461846102F0A1FA002846D14FF495
:101D50008053129312A92D4802F0A3FB002840D112
:101D60002A4802F0BFFA00283ED1002310931193B5
:101D700010A9264802F0A6FC002838D16023099358
:101D80004FF4FA630A9300220B920C920D920E927A
:101D90000F9209A91D4802F009FB58BB042209A9AA
:101DA0001A4802F003FB40BB082209A9174802F0B9
:101DB000FDFA28BB00230193029303930493059338
:101DC0004FF400520692089301A9104802F0C0FC9B
:101DD000C8B90E48FFF7A4FE16B010BDFFF7C0FB50
:101DE000B5E7FFF7BDFBBBE7FFF7BAFBBDE7FFF7C2
:101DF000B7FBC3E7FFF7B4FBD0E7FFF7B1FBD3E7CF
:101E0000FFF7AEFBD6E7FFF7ABFBE2E7300E0020B3
:101E10000004014008B50A480A4B03604FF4E1335F
:101E2000436000238360C36003610C2242618361CD
:101E3000C36102F0F2FD00B908BDFFF791FBFBE7BB
:101E4000301100200010014008B50B480B4B036017
:101E50000B4B436000238360C3604FF480620261D8
:101E6000042242618361C36102F0D7FD00B908BD5D
:101E7000FFF776FBFBE700BFE810002000480040BA
:101E8000A086010008B50A480A4B03604FF4E1330D
:101E9000436000238360C36003610C22426183615D
:101EA000C36102F0BAFD00B908BDFFF759FBFBE7BB
:101EB000A0100020001401402DE9F0418CB0044630
:101EC00000230793089309930A930B9303689D4A91
:101ED00093420AD09C4A934200F082809B4A9342EC
:101EE00000F0C7800CB0BDE8F08100250095984B4C
:101EF0005A6C42F010025A645A6C02F010020092BE
:101F0000009A01951A6B42F002021A631A6B02F0F2
:101F100002020192019A02951A6B42F001021A63C1
:101F20001B6B03F001030293029B802307934FF086
:101F30000208CDF8208003270A9707260B9607A9E9
:101F4000844801F023F84FF400730793CDF8208004
:101F500009950A970B9607A97F4801F017F87F4863
:101F60007F4B03604FF0006343608560C5604FF4B2
:101F70008063036145618561C5614FF4003303628D
:101F8000456200F01DFE28BB744BE3639C637548FB
:101F9000754B03604FF00063436040238360002370
:101FA000C3604FF48062026143618361C3614FF497
:101FB00000320262436200F003FE70B9694BA36312
:101FC0009C6300220521252000F06AFD252000F0F9
:101FD00077FD87E7FFF7C4FAD6E7FFF7C1FAEDE729
:101FE000002503955A4B1A6C42F480221A641A6C2D
:101FF00002F480220392039A04951A6B42F00402C1
:102000001A631B6B03F004030493049B4FF44063B7
:1020100007930223089303230A9307230B9307A92B
:10202000524800F0B3FF5248524B03604FF0006338
:1020300043608560C5604FF48063036145618561DD
:102040004FF48073C3614FF400330362456200F0C4
:10205000B7FD58B9464BE3639C6300220521272056
:1020600000F01EFD272000F02BFD3BE7FFF778FA7C
:10207000F0E700250595364B5A6C42F020025A6471
:102080005A6C02F020020592059A06951A6B42F0EE
:1020900040021A631B6B03F040030693069B4FF448
:1020A000844307930223089303230A9308230B9383
:1020B00007A9314800F06AFF3048314B03604FF008
:1020C0002063436040238360C5604FF480630361F5
:1020D000456185614FF48073C3614FF480330362BF
:1020E000456200F06DFD30BB244BA3639C63254823
:1020F000254B03604FF02063436000238360C3607F
:102100004FF480620261436183614FF48072C26167
:102110004FF480320262436200F052FD70B9194BF5
:10212000E3639C6300220521472000F0B9FC4720AF
:1021300000F0C6FCD6E6FFF713FAD5E7FFF710FA72
:10214000EDE700BF001001400048004000140140CE
:10215000003802400004024000000240401000200D
:1021600040640240E00F0020B864024000080240D2
:10217000800F00202860024000180240200F00203D
:10218000A0640240C00E002028640240DFF834D072
:10219000FFF792FC0C480D490D4A002302E0D45889
:1021A000C4500433C4188C42F9D30A4A0A4C0023A1
:1021B00001E013600432A242FBD307F0AFFBFFF74C
:1021C00025FA70470000022000000020DC070020F4
:1021D00044190108E0070020B45B0020FEE700007E
:1021E00008B50B4B1A6842F400721A601A6842F480
:1021F00080621A601A6842F480721A60032000F04C
:102200003DFC0F20FFF752FBFFF72EFB002008BD1F
:10221000003C0240034A1168034B1B780B441360D7
:10222000704700BF7811002018000020014B18688B
:10223000704700BF78110020002800F0A18038B559
:10224000044690F82030D3B12268136843F00103AC
:102250001360FFF7EBFF054623685A6812F0010F81
:1022600010D1FFF7E3FF401B0A28F5D9636A43F456
:1022700000336362052384F82030012038BDFEF767
:1022800089FEE1E71A6822F002021A60FFF7CEFF2A
:10229000054623685A6812F0020F0DD0FFF7C6FFFB
:1022A000401B0A28F5D9636A43F4003363620523AF
:1022B00084F820300120E1E7227E012A3DD01A680F
:1022C00022F080021A60637E012B3BD022681368E3
:1022D00023F040031360A37E012B39D022681368DA
:1022E00023F020031360E37E012B37D022681368AC
:1022F00043F010031360237F012B35D0226813684D
:1023000023F008031360637F012B33D02268136826
:1023100023F004031360A368E268134322691343A4
:10232000626913436268013A21681343CB6100205C
:102330006062012384F82030A0E71A6842F080022E
:102340001A60C0E72268136843F040031360C2E7D5
:102350002268136843F020031360C4E722681368FF
:1023600023F010031360C6E72268136843F00803E4
:102370001360C8E72268136843F004031360CAE7D8
:102380000120704790F82030013BDBB2012B05D9CA
:10239000436A43F4802343620120704730B5464BC3
:1023A000D3F8002242F00102C3F80022D3F8002241
:1023B00022F47C52C3F80022D3F80022486A42EA91
:1023C0000022C3F800224A6902F01F02012000FA2D
:1023D00002F2D3F81C026FEA020C20EA0200C3F8F2
:1023E0001C02CB69C3B9344BD3F80C020CEA0000D1
:1023F000C3F80C028C884869CD6844EA054448302B
:1024000043F830408C68088840EA04404C6904F185
:10241000480E03EBCE035860CB69012B1ED08B69AD
:10242000002B33D12448D0F804320CEA0303C0F85F
:1024300004320B698BBB2048D0F814320CEA03033A
:10244000C0F814320B6A012B2ED01B4AD2F800328E
:1024500023F00103C2F80032002030BD164BD3F840
:102460000C021043C3F80C028C8848690D6844EADA
:102470000544483043F8304088894C698D6840EA0B
:102480000540483403EBC4035860C8E70A48D0F855
:1024900004321343C0F80432CBE70748D0F81432B3
:1024A0001343C0F81432CDE70349D1F81C3213436B
:1024B000C1F81C32C9E700BF0064004070B5044693
:1024C00090F82050EDB2012D06D0436A43F400236A
:1024D00043620125284670BD022380F8203002683F
:1024E000136823F001031360FFF7A0FE064623687C
:1024F0005B6813F0010F0CD0FFF798FE831B0A2BCB
:10250000F5D9636A43F400336362052384F820300D
:10251000E0E700256562DDE730B590F820C004688B
:10252000A4680CF1FF3C5FFA8CFCBCF1010F62D88F
:1025300014F0E05F59D0C4F3016C012404FA0CF4E8
:102540001C608B68002B3DD10D68CB68046843EAA2
:1025500045550CF118031B01E55003680C690CF19B
:10256000180E03EB0E135C600B7D012B35D0D17977
:1025700093791B0443EA0163517943EA01231479F7
:102580000168234301EB0C11C1F88C31D1789378A9
:102590001B0443EA0163517843EA0123117802687E
:1025A0000B4302EB0C12C2F8883102680CF1180CD4
:1025B0004FEA0C1C52F80C3043F0010342F80C3087
:1025C00000201DE04C6843EAC403CC6823430CF1AF
:1025D0001804240105682B51BFE7036803EB0E13B1
:1025E000596841F480715960C1E7436A43F40013AC
:1025F0004362012004E0436A43F4802343620120E4
:1026000030BD90F820C00CF1FF3C5FFA8CFCBCF1AF
:10261000010F00F2A58030B451B90468E46814F0E9
:10262000030F10D1436A43F40013436201207EE09C
:102630000468246914F0030F05D1436A43F40013BE
:102640004362012073E0056801F11B0424012C5949
:1026500004F004049460002C6BD1056801F11B04A4
:1026600024012C59640D1460046801F11B0C4FEA1D
:102670000C1C54F80C4004F00204D4600468A44418
:10268000DCF8045015F0080F5BD0082414610468CE
:1026900001F11B0C04EB0C146468C4F3072494616F
:1026A000046804EB0C146468240C5461026802EBA7
:1026B0000112D2F8B8211A70026802EB0112D2F8A6
:1026C000B821C2F307225A70026802EB0112D2F855
:1026D000B821C2F307429A70026802EB0112D2F8E5
:1026E000B821120EDA70026802EB0112D2F8BC2196
:1026F0001A71026802EB0112D2F8BC21C2F3072260
:102700005A71026802EB0112D2F8BC21C2F30742EF
:102710009A71026802EB0112D2F8BC21120EDA7132
:10272000C1B90268D36843F02003D360002030BCF5
:102730007047056801F11B0424012C59E40854601A
:1027400092E701F11B0504EB0514646804F00F0423
:1027500014619CE70268136943F020031361E5E705
:10276000436A43F4802343620120704790F820308D
:10277000013BDBB2012B05D9436A43F4802343625A
:1027800001207047026853690B4353610020704772
:102790007047704770477047704770477047704781
:1027A00070477047704770472DE9F84F054603683A
:1027B0005C69D3F804809F68D3F80CA0D3F810901C
:1027C000D3F818B014F001063BD017F0010616D06C
:1027D00001229A6017F0020F08D117F0040F0CD1F4
:1027E00017F0080606D04FF4805608E0FFF7D0FF38
:1027F000002604E0FFF7CFFF01E04FF4006617F476
:10280000807F0DD02B684FF480729A6017F4007FA0
:1028100040F0968017F4806F00F0968046F40056E2
:1028200017F4803F0DD02B684FF480329A6017F474
:10283000003F40F0938017F4802F00F0938046F41F
:10284000004614F0080F07D01AF0100F04D046F419
:1028500000762B681022DA6014F0040F03D01AF00F
:10286000080F40F0898014F0020F05D02B68DB6858
:1028700013F0030F40F0878014F0400F07D019F0D9
:10288000100F04D046F480662B6810221A6114F0F1
:10289000200F02D019F0080F79D114F0100F04D0D6
:1028A0002B681B6913F0030F78D114F4003F02D09A
:1028B00018F0100F76D114F4803F02D018F0080FF2
:1028C00077D114F4004F37D018F0040F31D014F43E
:1028D000807F04D01BF0010F01D046F0010614F4F4
:1028E000007F04D01BF0020F01D046F0020614F462
:1028F000806F04D01BF0040F01D046F0040614F4DE
:10290000006F16D01BF0700B13D0BBF1400F66D0D8
:1029100056D8BBF1200F5CD0BBF1300F5CD0BBF1BF
:10292000100F01D146F008062A68936923F070035E
:1029300093612B6804225A60002E56D1BDE8F88FAF
:102940002846FFF726FF6BE717F4006F02D046F426
:10295000804665E72846FFF71FFF61E72846FFF737
:1029600019FF6EE717F4002F02D046F4803668E7AF
:102970002846FFF712FF64E72B680822DA60284632
:10298000FFF70CFF6FE7284603F02EFD74E72B6876
:1029900008221A612846FFF703FF7EE72846FFF763
:1029A000FEFE82E72B6810225A602846FFF7F9FEE8
:1029B00081E72B6808225A602846FFF7F3FE80E77C
:1029C000BBF1500F0ED0BBF1600FADD146F4807655
:1029D000AAE746F01006A7E746F02006A4E746F06F
:1029E0004006A1E746F080069EE76B6A33436B62C0
:1029F0002846FFF7D8FEA1E7002807DB00F01F02FA
:102A0000400901239340024A42F82030704700BF3A
:102A100000E100E0002808DB0901C9B200F16040D4
:102A200000F5614080F80013704700F00F000901C5
:102A3000C9B2014B1954704714ED00E000B500F025
:102A40000700C0F1070CBCF1040F28BF4FF0040CC5
:102A5000031D062B0FD9C31E4FF0FF3E0EFA0CF0DC
:102A600021EA000199400EFA03FE22EA0E0241EA31
:102A700002005DF804FB0023EEE70000074AD3687C
:102A800023F4E0631B041B0C000200F4E06003432A
:102A900043F0BF6343F40033D360704700ED00E0C0
:102AA00010B50446054BD868C0F30220FFF7C6FFF7
:102AB00001462046FFF7AEFF10BD00BF00ED00E06D
:102AC00008B5FFF799FF08BD30B405682C6824F4F9
:102AD00080242C60046863608368402B05D0036801
:102AE00099600368DA6030BC704703689A600368D5
:102AF000D960F8E710B40368D9B210390A4AA2FBCA
:102B000001421209094CA25CC2655F2907D96FF323
:102B1000090304338365806D5DF8044B70476FF3E0
:102B200009038365F7E700BFABAAAAAA9C140108B2
:102B3000836A826992B9012B0AD0022B02D00BB1B1
:102B400000207047C36A13F0807F28D100207047AF
:102B5000C36AB3F1C07F24D000207047B2F5005F94
:102B600009D0022B25D9032B25D1C36A13F0807F0E
:102B700023D100207047032B03D8DFE803F01404AF
:102B8000140A00207047C36A13F0807F0DD1002023
:102B90007047C36AB3F1C07F09D00020704701209D
:102BA00070470120704701207047012070470120C5
:102BB00070470120704700207047012070470000D7
:102BC00070B50446FFF732FB002C5BD005460223AC
:102BD00084F83530002384F834302268136823F0F9
:102BE0000103136023681A6812F0010F0AD0FFF77F
:102BF0001DFB431B052BF5D920236365032084F8B7
:102C0000350070BD1A68204911406268A06802430F
:102C1000E06802432069024360690243A0690243FD
:102C2000E0690243206A02430A43616A04291ED014
:102C30001A602668756925F00705636A1D43042B31
:102C400007D1A36A1D43E36A1BB12046FFF770FF5B
:102C500090B975612046FFF74DFFE26D3F23934029
:102C6000836000206065012384F83530C9E7E16A9C
:102C7000206B01430A43DBE740236365012084F8AE
:102C80003500BEE70120BCE73F8010F038B50446B0
:102C9000856D90F8340001282BD0012084F8340091
:102CA00094F83500C0B2012804D0002384F83430F1
:102CB000022038BD022084F83500002060652046DF
:102CC000FFF702FFE26D3F239340AB602268136879
:102CD00043F016031360236C23B12268136843F09A
:102CE000080313602268136843F001031360002097
:102CF000DFE70220DDE770B50446866DFFF796FA40
:102D000094F83530DBB2022B06D0802363650023B4
:102D100084F83430012070BD05462268136823F022
:102D2000160313602268536923F080035361236CF8
:102D3000E3B12268136823F0080313602268136864
:102D400023F00103136023681B6813F0010F11D0F7
:102D5000FFF76CFA431B052BF5D92023636503208D
:102D600084F83500002384F83430D4E7A36C002BBA
:102D7000DFD1E3E7E26D3F239340B360012384F8A2
:102D80003530002084F83400C5E790F83530DBB2E8
:102D9000022B03D08023436501207047052380F870
:102DA00035300268136823F0010313600020704778
:102DB000F0B583B0044600230193724B1D68724B3B
:102DC000A3FB0535AD0A876D3E68C26D08239340AD
:102DD000334210D003681A6812F0040F0BD01A683F
:102DE00022F004021A60C26D08239340BB60436D59
:102DF00043F001034365E26D01239340334209D060
:102E00002268526912F0800F04D0BB60636D43F0FA
:102E100002036365E26D04239340334209D02268C4
:102E2000126812F0020F04D0BB60636D43F004031C
:102E30006365E26D10239340334224D02268126808
:102E400012F0080F1FD0BB6023681A6812F4802F9D
:102E50000DD01B6813F4002F04D1236C9BB12046C6
:102E6000984710E0A36C73B1204698470BE01A68AE
:102E700012F4807F03D11A6822F008021A60236CD2
:102E80000BB120469847E26D20239340334255D042
:102E90002268126812F0100F50D0BB6094F83530E1
:102EA000DBB2052B0ED023681A6812F4802F33D0C2
:102EB0001B6813F4002F2AD1636C002B3ED02046F0
:102EC00098473BE02268136823F0160313602268DA
:102ED000536923F080035361236CA3B12268136804
:102EE00023F008031360E26D3F239340BB6001238E
:102EF00084F83530002384F83430236D002B3FD024
:102F0000204698473CE0A36C002BE7D1EBE7E36B4E
:102F1000A3B12046984711E01A6812F4807F09D1C6
:102F20001A6822F010021A60012384F83530002359
:102F300084F83430E36B0BB120469847636DFBB1E6
:102F4000636D13F0010F17D0052384F83530226824
:102F5000136823F001031360019B01330193AB421B
:102F600004D823681B6813F0010FF5D1012384F8FE
:102F70003530002384F83430E36C0BB12046984799
:102F800003B0F0BD14000020B5814E1B00230F2BB1
:102F900000F2E98070B582B065E085684FEA430EC3
:102FA000032404FA0EF425EA0405CC6804FA0EF4AE
:102FB0002C438460446824EA02044A68C2F3001285
:102FC0009A40224342605CE0DC08083450F8242038
:102FD00003F00705AD004FF00F0E0EFA05FE22EAD2
:102FE0000E0E0A69AA4042EA0E0240F824205CE074
:102FF000072200E0002202FA0EF22A4302345A4D60
:1030000045F82420594A94686FEA0C0224EA0C051A
:103010004E6816F4801F01D04CEA0405534CA5609D
:10302000E46802EA04054E6816F4001F01D04CEA79
:1030300004054E4CE560646802EA04054E6816F427
:10304000003F01D04CEA0405484C656024682240EA
:103050004D6815F4803F01D04CEA0402434C2260D5
:1030600001330F2B7DD801229A400C6804EA020C30
:1030700032EA0404F4D14C6804F00304013C012C4E
:103080008BD94A6802F00302032A09D0C4685D00A4
:103090000322AA4024EA02048A68AA402243C260AA
:1030A0004A6802F00302022A8ED004684FEA430EF7
:1030B000032202FA0EF224EA02044A6802F0030232
:1030C00002FA0EF2224302604A6812F4403FC7D06F
:1030D00000220192264A546C44F480445464526C99
:1030E00002F480420192019A9C08A51C1E4A52F8E3
:1030F000255003F0030E4FEA8E0E0F2202FA0EF255
:1031000025EA02051B4A90423FF474AF02F5806243
:1031100090421AD002F58062904218D002F5806287
:10312000904216D002F58062904214D002F580627F
:10313000904212D002F58062904210D002F5806277
:1031400090423FF455AF082255E7012253E702228F
:1031500051E703224FE704224DE705224BE7062201
:1031600049E702B070BD704700380140003C0140A3
:1031700000380240000002400AB181617047090432
:1031800081617047436901EA030221EA030141EAD0
:103190000241816170470000002800F0E08170B5B5
:1031A00082B00446036813F0010F3BD09F4B9B682D
:1031B00003F00C03042B2CD09C4B9B6803F00C03F6
:1031C000082B21D06368B3F5803F4FD0B3F5A02F13
:1031D00052D0964B1A6822F480321A601A6822F490
:1031E00080221A606368002B50D0FFF71FF8054655
:1031F0008E4B1B6813F4003F14D1FFF717F8401BE8
:103200006428F5D90320B1E1884B5B6813F4800F83
:10321000D8D0864B1B6813F4003F03D06368002BA3
:1032200000F09F81236813F0020F54D07F4B9B68FE
:1032300013F00C0F3ED07D4B9B6803F00C03082B62
:1032400033D0E368002B68D0794B01221A60FEF777
:10325000EDFF0546754B1B6813F0020F54D1FEF7C6
:10326000E5FF401B0228F5D903207FE16F4A136870
:1032700043F480331360B5E76C4B1A6842F4802244
:103280001A601A6842F480321A60ABE7FEF7CEFF8C
:103290000546664B1B6813F4003FC3D0FEF7C6FF1C
:1032A000401B6428F5D9032060E1604B5B6813F490
:1032B000800FC6D15D4B1B6813F0020F03D0E3688B
:1032C000012B40F05081594A136823F0F80321691B
:1032D00043EAC1031360236813F0080F42D0636907
:1032E0006BB3534B0122C3F8802EFEF79FFF0546B8
:1032F0004E4B5B6F13F0020F34D1FEF797FF401B6C
:103300000228F5D9032031E1484A136823F0F80375
:10331000216943EAC1031360DDE7454B00221A60CF
:10332000FEF784FF0546414B1B6813F0020FD2D015
:10333000FEF77CFF401B0228F5D9032016E13C4B29
:103340000022C3F8802EFEF771FF0546374B5B6FF6
:1033500013F0020F06D0FEF769FF401B0228F5D9D3
:10336000032003E1236813F0040F77D02F4B1B6C6D
:1033700013F0805F33D1002301932C4B1A6C42F081
:1033800080521A641B6C03F080530193019B01254A
:10339000284B1B6813F4807F23D0A368012B34D003
:1033A000052B38D0214B1A6F22F001021A671A6FD1
:1033B00022F004021A67A368002B3DD0FEF736FF07
:1033C00006461A4B1B6F13F0020F46D1FEF72EFF75
:1033D000801B41F288339842F3D90320C6E00025D0
:1033E000D6E7144A136843F480731360FEF71EFF98
:1033F0000646104B1B6813F4807FCED1FEF716FFF4
:10340000801B0228F5D90320B0E0084A136F43F06F
:1034100001031367CFE7054B1A6F42F004021A67E6
:103420001A6F42F001021A67C5E700BF0038024078
:103430000000474200700040FEF7F8FE0646524B7F
:103440001B6F13F0020F08D0FEF7F0FE801B41F255
:1034500088339842F3D9032088E0EDB9A369002BA3
:1034600000F08380484A926802F00C02082A51D08A
:10347000022B17D0454B00221A66FEF7D7FE0446F2
:10348000414B1B6813F0007F42D0FEF7CFFE001BBC
:103490000228F5D9032069E03B4A136C23F08053DE
:1034A0001364DBE7394B00221A66FEF7BFFE0546C0
:1034B000354B1B6813F0007F06D0FEF7B7FE401BAC
:1034C0000228F5D9032051E0E369226A1343626AB6
:1034D00043EA8213A26A5208013A43EA0243E26ACB
:1034E00043EA0263284A5360284B01221A66FEF71A
:1034F0009DFE0446244B1B6813F0007F06D1FEF7A7
:1035000095FE001B0228F5D903202FE000202DE0B6
:1035100000202BE0012B2BD01B4B5B6803F48001B8
:10352000E269914226D103F03F02216A8A4223D107
:10353000616A47F6C0721A40B2EB811F1ED103F4D4
:103540004031A26A5208013AB1EB024F18D103F0A0
:103550007063E26AB3EB026F14D1002006E0012031
:103560007047012002E0012000E0002002B070BDA1
:103570000120FBE70120F9E70120F7E70120F5E74B
:103580000120F3E70120F1E7003802400000474244
:1035900008B5264B9B6803F00C03042B41D0082B85
:1035A00041D1224B5A6802F03F025B6813F4800F4E
:1035B00012D01E4B5968C1F388111D480023A1FB8E
:1035C0000001FDF709F8194B5B68C3F301430133B0
:1035D0005B00B0FBF3F008BD144B5868C0F38810D3
:1035E0004FEA401CBCEB000C6EEB0E0E4FEA8E1344
:1035F00043EA9C634FEA8C11B1EB0C0163EB0E03C1
:10360000DB0043EA5173C90011EB000C43F10003E6
:10361000990200234FEA8C2041EA9C51FCF7DCFF21
:10362000D1E70348D7E70348D5E700BF0038024099
:10363000001BB7000024F400002800F09B8070B548
:103640000D4604464F4B1B6803F007038B4208D21C
:10365000CBB24C4A1370136803F007038B4240F05F
:103660008B80236813F0020F17D013F0040F04D0DF
:10367000454A936843F4E0539360236813F0080FBE
:1036800004D0414A936843F4604393603E4A936890
:1036900023F0F003A1680B439360236813F0010F3C
:1036A00032D06368012B21D09A1E012A25D9364ACF
:1036B000126812F0020F61D033498A6822F00302C7
:1036C00013438B60FEF7B2FD06462F4B9B6803F059
:1036D0000C036268B3EB820F16D0FEF7A7FD801BC8
:1036E00041F288339842F0D9032042E0264A12681A
:1036F00012F4003FE0D101203BE0234A126812F0AF
:10370000007FD9D1012034E01E4B1B6803F0070372
:10371000AB4207D9EAB21B4B1A701B6803F00703D0
:10372000AB422DD1236813F0040F06D0164A9368DC
:1037300023F4E053E1680B439360236813F0080F10
:1037400007D0114A936823F46043216943EAC10317
:103750009360FFF71DFF0C4B9B68C3F303130B4AE9
:10376000D35CD8400A4B18600A4B1868FEF79EF8E5
:10377000002070BD012070470120FAE70120F8E722
:103780000120F6E7003C0240003802408C1401089A
:10379000140000201C000020014B1868704700BF77
:1037A0001400002008B5FFF7F7FF044B9B68C3F334
:1037B0008223034AD35CD84008BD00BF00380240D2
:1037C0008414010808B5FFF7E7FF044B9B68C3F3B7
:1037D0004233034AD35CD84008BD00BF00380240E2
:1037E000841401080F2303600B4B9A6802F0030254
:1037F00042609A6802F0F00282609A6802F4E05235
:10380000C2609B68DB0803F4E0530361034B1B6851
:1038100003F007030B60704700380240003C024091
:1038200038B5FEF703FD0446464A136843F001032A
:103830001360444B1B6813F0020F06D1FEF7F6FC31
:10384000001B0228F5D9032038BD3E4D2B6843F0FC
:1038500080032B60FEF7EAFC04460023AB60394B83
:103860009B6813F00C0F08D0FEF7E0FC001B41F240
:1038700088339842F3D90320E6E7FEF7D7FC0446E5
:10388000304A136823F4502313602E4B1B6813F443
:10389000003F06D0FEF7CAFC001B6428F5D90320C0
:1038A000D2E7FEF7C3FC0446264A136823F0807370
:1038B0001360244B1B6813F0007F06D0FEF7B6FCA4
:1038C000001B0228F5D90320BEE7FEF7AFFC044633
:1038D0001C4A136823F0806313601A4B1B6813F0B3
:1038E000006F06D0FEF7A2FC001B0228F5D90320CA
:1038F000AAE7144B144A5A60144AC3F88420DA68C1
:1039000022F4F852DA60DA6822F40052DA60DA68F7
:1039100042F41F02DA60DA6842F40012DA605A6F89
:1039200022F001025A675A6F42F080725A67084BC0
:10393000084A1A60084B1868FDF7B8FF002883D0C2
:10394000012081E7003802401030000400300020E0
:10395000140000200024F4001C0000202DE9F04792
:1039600082B00546884617461E46FEF75FFC0A9B56
:103970001B1A03EB0609FEF759FC8246284B1B680D
:10398000C3F3CB3309FB03F301932B689C6838EA3C
:1039900004040CBF01230023BB423DD0B6F1FF3F1E
:1039A000F3D0FEF743FCA0EB0A00484507D2019A8A
:1039B00002B14A46019B013B01939146E5E72A6823
:1039C000536823F0E00353606B68B3F5827F0BD03C
:1039D000AB6AB3F5005F14D0012385F851300023A2
:1039E00085F85030032018E0AB68B3F5004F02D0E3
:1039F000B3F5806FECD12A68136823F0400313609D
:103A0000E6E72A68136823F4005313602A681368F2
:103A100043F400531360DFE7002002B0BDE8F087F5
:103A20001400002070B584B004460D46164600927E
:103A30000B4601220221FFF791FFD0B9174B1B68FB
:103A4000174AA2FB03235B0D4FF47A7202FB03F3C8
:103A500003936368B3F5827F11D0039B3BB1039B53
:103A6000013B039323689B6813F0800FF5D104B0EA
:103A700070BD636D43F0200363650320F7E7009694
:103A80002B46002280212046FFF768FF0028EED059
:103A9000636D43F0200363650320E8E71400002012
:103AA000819F5E1600285AD010B50446436A33B988
:103AB0004368B3F5827F05D00023C36102E0002391
:103AC000036143610023A36294F85130002B40D07E
:103AD000022384F851302268136823F040031360F6
:103AE000636803F48273A26802F404421343E26839
:103AF00002F400621343226902F002021343626976
:103B000002F001021343A26902F400721343E26956
:103B100002F038021343226A02F080021343A26AC1
:103B200002F40052216813430B60638B03F004031B
:103B3000626A02F01002216813434B602268D36965
:103B400023F40063D36100206065012384F85130C1
:103B500010BD84F850302046FDF73AFEB8E701204A
:103B600070472DE9F04383B00446884691461F46CE
:103B70000A9DFEF75BFB064694F85130DBB26268A3
:103B8000012B0AD0B2F5827F40F00581A268002A9D
:103B900040F00581042B40F00481B8F1000F00F0E3
:103BA0000281B9F1000F00F00081002F00F0FF80CA
:103BB00094F85030012B00F0FC80012384F8503041
:103BC00094F85130DBB2042B02D0052384F8513035
:103BD00000236365C4F83890E787A787C4F830806E
:103BE000E786A7862364636423681A6812F0400F8F
:103BF00003D11A6842F040021A60E368B3F5006F1F
:103C000011D063680BB1012F0BD1226B236812789E
:103C10001A73236B01332363E38E9BB2013B9BB288
:103C2000E386012771E063680BB1012F0BD1226B92
:103C300023681288DA60236B02332363E38E9BB21E
:103C4000013B9BB2E38601271BE023689A6812F0D0
:103C5000010F0ED0E28F92B25AB1DA68A36B1A80CC
:103C6000A36B0233A363E38F9BB2013B9BB2E38759
:103C70000127FEF7DBFA801BA84202D3B5F1FF3F14
:103C80001ED1E38E9BB21BB9E38F9BB2002B62D097
:103C900023689A6812F0020FD7D0E28E92B2002AFF
:103CA000D3D0002FD1D0226B1288DA60236B02337D
:103CB0002363E38E9BB2013B9BB2E3860027C4E7FC
:103CC000012384F85130002384F85030032063E04E
:103CD00023689A6812F0010F0ED0E28F92B25AB1A7
:103CE000DA68A36B1A70A36B0133A363E38F9BB2F3
:103CF000013B9BB2E3870127FEF798FA831BAB4297
:103D000002D3B5F1FF3F1ED1EDB1E38E9BB213B9E3
:103D1000E38F9BB2FBB123689A6812F0020FD7D0F1
:103D2000E28E92B2002AD3D0002FD1D0226B12782B
:103D30001A73236B01332363E38E9BB2013B9BB267
:103D4000E3860027C4E7012384F85130002384F878
:103D50005030032020E0324629462046FFF762FE1D
:103D600090B9A36833B901932368DA6801929B681C
:103D70000193019B012384F85130002384F85030D3
:103D8000636D4BB1012007E020236365002384F8B5
:103D90005030012000E0022003B0BDE8F083022093
:103DA000FAE70220F8E70120F6E70120F4E7012016
:103DB000F2E70220F0E7000030B4036A026A22F062
:103DC000010202624268846924F0730C0C6844EAC0
:103DD0000C0423F0020C8B6843EA0C03114DA8423B
:103DE00003D005F58065A84205D123F00803CD680E
:103DF0002B4323F004030B4DA84203D005F5806547
:103E0000A84207D122F440724D6945EA020C8A6942
:103E100042EA0C02426084614A684263036230BC39
:103E2000704700BF0000014030B4036A026A22F408
:103E3000807202624268C46924F0730C0C6844EA20
:103E40000C0523F400738C6843EA0423114CA04250
:103E500003D004F58064A04206D123F40063CC684B
:103E600043EA042323F480630A4CA04203D004F500
:103E70008064A04207D122F440524C6942EA041205
:103E80008C6942EA04124260C5614A68C2630362F7
:103E900030BC70470000014030B4036A026A22F46B
:103EA000805202624468C26922F4E6420D6842EA26
:103EB000052223F400538D6843EA0533094DA842D7
:103EC00003D005F58065A84204D124F480444D69EF
:103ED00044EA85144460C2614A680264036230BCEB
:103EE000704700BF0000014010B4036A046A24F068
:103EF00001040462846924F0F00C4CEA021223F0FD
:103F00000A030B43826103625DF8044B704710B4EF
:103F1000036A046A24F010040462846924F4704C77
:103F20004CEA023223F0A00343EA011382610362E8
:103F30005DF8044B7047836823F070030B4343F034
:103F4000070383607047000090F83D30DBB2012B1F
:103F500032D1022380F83D300368194A934220D0C1
:103F6000B3F1804F1DD0A2F57C42934219D002F5E7
:103F70008062934215D002F58062934211D002F51F
:103F8000784293420DD002F57052934209D0A2F5C7
:103F90009432934205D01A6842F001021A60002060
:103FA00070479A6802F00702062A07D01A6842F0A2
:103FB00001021A60002070470120704700207047FE
:103FC0000000014090F83D30DBB2012B37D10223D5
:103FD00080F83D300268D36843F00103D360036882
:103FE000194A934220D0B3F1804F1DD0A2F57C42F4
:103FF000934219D002F58062934215D002F5806297
:10400000934211D002F5784293420DD002F57052DE
:10401000934209D0A2F59432934205D01A6842F037
:1040200001021A60002070479A6802F00702062A0F
:1040300007D01A6842F001021A6000207047012080
:1040400070470020704700BF000001407047704774
:1040500070477047704770B504460368DE681D6995
:1040600015F0020F10D016F0020F0DD06FF0020203
:104070001A610123037703689B6913F0030F5ED075
:10408000FFF7E6FF0023237715F0040F12D016F098
:10409000040F0FD023686FF004021A610223237704
:1040A00023689B6913F4407F4FD02046FFF7D0FF71
:1040B0000023237715F0080F12D016F0080F0FD049
:1040C00023686FF008021A61042323772368DB69F1
:1040D00013F0030F40D02046FFF7BAFF00232377E9
:1040E00015F0100F12D016F0100F0FD023686FF0DC
:1040F00010021A61082323772368DB6913F4407FD9
:1041000031D02046FFF7A4FF0023237715F0010FDD
:1041100002D016F0010F2DD115F0800F02D016F04D
:10412000800F2FD115F0400F02D016F0400F31D183
:1041300015F0200F02D016F0200F33D170BDFFF71D
:1041400086FF2046FFF785FF9CE72046FFF77FFFAD
:104150002046FFF77EFFABE72046FFF778FF2046BB
:10416000FFF777FFBAE72046FFF771FF2046FFF71A
:1041700070FFC9E723686FF001021A612046FDF75E
:10418000E3F9C9E723686FF080021A61204600F066
:1041900009FBC7E723686FF040021A612046FFF76A
:1041A00059FFC5E723686FF020021A61204600F02E
:1041B000F8FAC3E70368344A904212D0B0F1804F56
:1041C0000FD0A2F57C4290420BD002F58062904263
:1041D00007D002F58062904203D002F57842904207
:1041E00003D123F070034A681343274A90422AD030
:1041F000B0F1804F27D0A2F57C42904223D002F547
:10420000806290421FD002F5806290421BD002F57E
:104210007842904217D002F57052904213D002F5C6
:10422000806290420FD002F5806290420BD0A2F5DE
:104230009832904207D002F58062904203D002F596
:104240008062904203D123F44073CA68134323F081
:1042500080034A69134303608B68C3620B688362FF
:10426000094B984203D003F58063984201D10B6952
:10427000036301234361036913F0010F03D0036952
:1042800023F00103036170470000014040B310B503
:10429000044690F83D30F3B1022384F83D302146C6
:1042A00051F8040BFFF786FF012384F8463084F8A9
:1042B0003E3084F83F3084F8403084F8413084F850
:1042C000423084F8433084F8443084F8453084F830
:1042D0003D30002010BD80F83C30FDF7F7FBDBE7F8
:1042E0000120704740B310B5044690F83D30F3B15B
:1042F000022384F83D30214651F8040BFFF75AFFA2
:10430000012384F8463084F83E3084F83F3084F846
:10431000403084F8413084F8423084F8433084F8E7
:10432000443084F8453084F83D30002010BD80F8DA
:104330003C30FFF78BFEDBE70120704730B4036AA7
:10434000026A22F0100202624468826922F4E642A4
:104350000D6842EA052223F020038D6843EA051325
:10436000114DA84203D005F58065A84206D123F07F
:104370008003CD6843EA051323F040030A4DA842A9
:1043800003D005F58065A84207D124F440644D6947
:1043900044EA85048D6944EA8504446082614A6880
:1043A0008263036230BC70470000014038B590F86A
:1043B0003C30012B66D004460D46012380F83C308A
:1043C0000C2A5AD8DFE802F0075959591B59595994
:1043D0003059595944000068FFF7EEFC2268936990
:1043E00043F0080393612268936923F00403936107
:1043F0002268936929690B43936100203EE00068BD
:10440000FFF79CFF2268936943F40063936122687D
:10441000936923F48063936122689369296943EA6D
:1044200001239361002029E00068FFF7FDFC22686A
:10443000D36943F00803D3612268D36923F00403EE
:10444000D3612268D36929690B43D361002015E049
:104450000068FFF721FD2268D36943F40063D3614C
:104460002268D36923F48063D3612268D369296900
:1044700043EA0123D361002000E00120002384F8F7
:104480003C3038BD0220FCE710B4846824F47F4C33
:1044900042EA03220A4342EA0C0282605DF8044BBE
:1044A000704790F83C30012B78D010B504460123BA
:1044B00080F83C30022380F83D300268936823F492
:1044C0007F4323F0770393600B68602B4CD023D895
:1044D000402B54D011D8202B03D00AD80BB1102B6D
:1044E00005D119462068FFF726FD002028E00120AD
:1044F00026E0302BF5D0012022E0502B0AD1CA68EB
:1045000049680068FFF7F0FC50212068FFF713FDB1
:10451000002015E0012013E0B3F5805F3AD0B3F539
:10452000005F14D0702B37D1CB684A688968006867
:10453000FFF7AAFF2268936843F077039360002097
:10454000012384F83D30002384F83C3010BDCB6853
:104550004A6889680068FFF797FF2268936843F408
:10456000804393600020EBE7CA6849680068FFF762
:10457000CEFC60212068FFF7DEFC0020E0E7CA687F
:1045800049680068FFF7B0FC40212068FFF7D3FCC2
:104590000020D5E70020D3E70120D1E702207047B3
:1045A00001F01F014FF0010C0CFA01FC036A23EA31
:1045B0000C030362036A8A401343036270470000DE
:1045C00010B504460846002942D194F83E30DBB2CB
:1045D000013B18BF0123002B6ED1002851D10223CB
:1045E00084F83E30012201462068FFF7D9FF236896
:1045F000334A934203D002F58062934203D15A6C4E
:1046000042F400425A6423682D4A934249D0B3F1E0
:10461000804F46D0A2F57C42934242D002F58062A0
:1046200093423ED002F5806293423AD002F578423E
:10463000934236D002F57052934232D0A2F59432B2
:1046400093422ED01A6842F001021A60002032E034
:10465000042908D008290DD094F84130DBB2013B81
:1046600018BF0123B7E794F83F30DBB2013B18BF16
:104670000123B0E794F84030DBB2013B18BF0123BF
:10468000A9E7042805D0082807D0022384F8413080
:10469000A8E7022384F83F30A4E7022384F84030DF
:1046A000A0E79A6802F00702062A07D01A6842F0CB
:1046B00001021A60002010BD0120FCE70020FAE78B
:1046C0000000014090F83C20012A3DD010B4034680
:1046D000012280F83C20022280F83D2002685068C8
:1046E000946820F0700C086840EA0C0050601A686A
:1046F000164882421AD0B2F1804F17D0A0F57C4004
:10470000824213D000F5806082420FD000F58060B5
:1047100082420BD000F57840824207D000F57050FD
:10472000824203D0A0F59430824204D124F0800468
:10473000496821439160012283F83D20002083F8DD
:104740003C005DF8044B70470220704700000140B8
:10475000024690F83C30012B21D0012380F83C30F8
:10476000CB6823F440738868034323F4806348686C
:10477000034323F400630868034323F48053086968
:10478000034323F400534869034323F48043C96976
:104790000B4311684B64002082F83C0070470220F4
:1047A000704770477047026802F10C0353E8003FFE
:1047B00023F0C0030C3242E800310029F3D120235A
:1047C00080F841307047026802F10C0353E8003F63
:1047D00023F490730C3242E800310029F3D10268CF
:1047E00002F1140353E8003F23F00103143242E8BE
:1047F00000310029F3D1036B012B05D0202380F871
:104800004230002303637047026802F10C0353E84F
:10481000003F23F010030C3242E800310029F3D1AD
:10482000ECE790F84130DBB2212B01D00220704739
:104830008368B3F5805F17D0036A5A1C02621A7846
:1048400003685A60C38C9BB2013B9BB2C3844BB9D3
:104850000268D36823F08003D3600268D36843F012
:104860004003D360002070470369002BE4D1036A42
:104870001B880268C3F308035360036A02330362B0
:10488000E0E7000010B504460268136923F44053C2
:10489000C1680B431361836802691A4343691A4371
:1048A000C3691A430168CB6823F4164323F00C0351
:1048B0001343CB600268536923F4407381690B434F
:1048C00053610368314A934206D002F580629342F5
:1048D00002D0FEF767FF01E0FEF774FFE369B3F56E
:1048E000004F29D00021031849411B1841F1000154
:1048F000C90041EA5371DB00181863684FEA83026C
:104900004FEA937341F10001FBF766FE204AA2FBD8
:1049100000314909642303FB11031B013233A2FB5D
:1049200003235B0903F0F00202EB011203F00F0313
:10493000216813448B6010BD0023021843EB030170
:10494000121841F10001C90041EA5271D200101859
:1049500041F10001626892185B41FBF73DFE0C4A91
:10496000A2FB00314909642303FB1103DB0032334E
:10497000A2FB03235B095A0002F4F87202EB011256
:1049800003F00703216813448B60D4E70010014053
:104990001F85EB512DE9F04383B005460E461746BF
:1049A0009946DDF828802B681C6836EA04040CBFA1
:1049B00001240024BC4228D1B8F1FF3FF3D0FDF719
:1049C00035FCA0EB0900404523D8B8F1000F22D0F8
:1049D0002B68DA6812F0040FE5D0802EE3D0402E69
:1049E000E1D01A6812F0080FDDD0002401941A6893
:1049F00001925B680193019B2846FFF7E4FE0823C0
:104A00006B6485F84040012000E0002003B0BDE861
:104A1000F0830320FAE70320F8E760B310B50446FB
:104A200090F8413013B3242384F841302268D368CE
:104A300023F40053D3602046FFF724FF2268136954
:104A400023F4904313612268536923F02A035361CE
:104A50002268D36843F40053D360002060642023AD
:104A600084F8413084F84230606310BD80F84030F3
:104A7000FDF722FAD7E7012070472DE9F04182B017
:104A80001E4690F84130DBB2202B56D104460D462D
:104A90009046002955D00AB901204FE00023436415
:104AA000212380F84130FDF7C1FB0746A4F824809C
:104AB000A4F82680A368B3F5805F02D04FF0000809
:104AC00014E023692BB34FF000080FE0202384F893
:104AD0004130032032E038F8023B2268C3F3080378
:104AE0005360E28C92B2013A92B2E284E38C9BB2C0
:104AF00093B100963B46002280212046FFF74AFFF3
:104B00000028E3D1002DE6D015F8012B23685A6068
:104B1000E7E7A8460025E9E700963B46002240214A
:104B20002046FFF737FF18B9202384F8413005E00D
:104B3000202384F84130032000E0022002B0BDE8C9
:104B4000F0810120FAE790F84130DBB2202B10D140
:104B500089B192B101628284C2840023436421221C
:104B600080F841200168CA6842F08002CA60184695
:104B7000704702207047012070470120704770473E
:104B800008B50168CA6822F04002CA60202280F895
:104B90004120FFF7F4FF002008BD7047704710B5B3
:104BA000846B23685A6994F84130DBB2212B10D012
:104BB00023685A6902F0400294F84230DBB2222B9B
:104BC00011D0636C43F0100363642046FFF7E6FFE7
:104BD00010BD02F08002002AEAD00023E3842046C0
:104BE000FFF7E1FDE4E7002AEBD00023E385204650
:104BF000FFF7E9FDE5E708B5806B0023C385C384B3
:104C0000FFF7CCFF08BD704790F84230DBB2222B93
:104C100069D18368B3F5805F4FD0826AB3F5805F56
:104C200004D0002B56D10369002B53D103685B6875
:104C30001370836A01338362C38D9BB2013B9BB2C5
:104C4000C385002B51D100B583B00268D36823F02F
:104C50002003D3600268D36823F48073D3600268B2
:104C6000536923F001035361202380F8423000236D
:104C70004363036B012B33D100230363026802F10A
:104C80000C0353E8003F23F010030C3242E80031DC
:104C90000029F3D103681A6812F0100F06D0002221
:104CA00001921A6801925B680193019B818DFFF765
:104CB000AAFF002003B05DF804FB0269002AACD112
:104CC000826A03685B68C3F308031380836A023354
:104CD0008362B1E703685B6803F07F031370A8E7A2
:104CE00004F082F8E5E702207047002070470000DA
:104CF00010B582B0044602681368D068516913F099
:104D00000F0F09D113F0200F0CD010F0200F09D095
:104D10002046FFF779FF16E011F0010115D110F4DC
:104D2000907F12D1216B012979D013F0800F03D02D
:104D300010F0800F40F0148113F0400F03D010F0FA
:104D4000400F40F0118102B010BD13F0010F06D0EA
:104D500010F4807F03D0626C42F00102626413F0B1
:104D6000040F04D019B1626C42F00202626413F0C5
:104D7000020F04D019B1626C42F00402626413F0B5
:104D8000080F07D010F0200F00D119B1626C42F06B
:104D900008026264626C002AD5D013F0200F02D0A2
:104DA00010F0200F29D123685B6903F04003626C87
:104DB00012F0080F00D163B32046FFF704FD23680B
:104DC0005B6913F0400F20D0226802F1140353E80E
:104DD000003F23F04003143242E800310029F3D1B0
:104DE000E36B73B1624A1A65E06BFDF7CEFF0028F2
:104DF000A9D0E06B036D9847A5E72046FFF704FFB5
:104E0000D1E72046FFF7CAFE9DE72046FFF7C6FE22
:104E100099E72046FFF7C2FE0023636493E713F08F
:104E2000100F82D010F0100F3FF47FAF00230193DA
:104E30001368019353680193019B536913F0400F6A
:104E400052D0E26B13685B689BB2002B3FF47BAFE0
:104E5000A18D99427FF677AFE385D369B3F5807F63
:104E600037D0226802F10C0353E8003F23F480732B
:104E70000C3242E800310029F3D1226802F1140318
:104E800053E8003F23F00103143242E800310029C7
:104E9000F3D1226802F1140353E8003F23F04003EA
:104EA000143242E800310029F3D1202384F8423043
:104EB00000232363226802F10C0353E8003F23F030
:104EC00010030C3242E800310029F3D1E06BFDF70A
:104ED00012FF02236363A18DE38D9BB2C91A89B2CD
:104EE0002046FFF790FE2EE7A18DE38D9BB2C91AF5
:104EF00089B2E38D9BB2002B3FF425AF00293FF42C
:104F000022AF226802F10C0353E8003F23F49073B0
:104F10000C3242E800300028F3D1226802F1140379
:104F200053E8003F23F00103143242E80030002828
:104F3000F3D1202384F8423000232363226802F156
:104F40000C0353E8003F23F010030C3242E800301A
:104F50000028F3D1022363632046FFF754FEF2E6F4
:104F60002046FFF75EFCEEE62046FFF709FEEAE684
:104F7000F74B000808B5806B01234363036B012BDB
:104F800002D0FFF70AFE08BD818D4908FFF73BFEFE
:104F9000F9E708B50346806B1B681B6813F4807F34
:104FA0002BD10023C385026802F10C0353E8003FB4
:104FB00023F480730C3242E800310029F3D10268F7
:104FC00002F1140353E8003F23F00103143242E8D6
:104FD00000310029F3D1026802F1140353E8003FC5
:104FE00023F04003143242E800310029F3D120239A
:104FF00080F84230036B012B07D000234363036B1F
:10500000012B0FD003F0F0FE08BD026802F10C0383
:1050100053E8003F23F010030C3242E8003100292E
:10502000F3D1EAE7818DFFF7EEFDEDE730B583B010
:10503000044613468162828500254564222280F859
:105040004220C26B1F48D063E26B1F481064E26BC2
:105050001E48D064E26B156520680A46011DE06BAE
:10506000FDF714FE019523681A6801925B680193AD
:10507000019B23695BB1226802F10C0353E8003FF6
:1050800043F480730C3242E800310029F3D12268E6
:1050900002F1140353E8003F43F00103143242E8E5
:1050A00000310029F3D1226802F1140353E8003FD4
:1050B00043F04003143242E800310029F3D10020CC
:1050C00003B030BD934F0008754F00089F4B000898
:1050D00008B590F84230DBB2202B08D149B10AB9AB
:1050E000012008BD00230363FFF7A0FFF9E70220BA
:1050F000F7E70120F5E7842801D00330704700204E
:10510000704708B500F06AFD002008BD2DE9F043A6
:1051100087B00E464469C4B18569B5B14768D0F817
:105120000080D0F81090B0F90800FFF7E4FF029576
:105130000194009033464A464146384600F0DEFC72
:105140000590059807B0BDE8F083446805680769D5
:10515000B0F90800FFF7CFFF05AB0193009033468D
:10516000BAB22946204600F006FD0128E9D0002009
:10517000E8E708B500B9012000F082FE002008BD74
:1051800000F1080343604FF0FF328260C3600361A7
:1051900000230360704700230361704743684B603E
:1051A0009A688A60516099600861036801330360FE
:1051B000704730B40D68B5F1FF3F11D000F108031E
:1051C0001C465B681A68AA42FAD963684B6099600A
:1051D0008C606160086103680133036030BC704714
:1051E0000469F2E70369416882688A604168516036
:1051F0005A68824206D0002202611A68013A1A6097
:105200001868704782685A60F5E7000082B0002392
:1052100001930D4B1B68B3F1FF3F08D04FF05003D3
:1052200083F31188BFF36F8FBFF34F8FFEE74FF00B
:10523000500383F31188BFF36F8FBFF34F8F019B30
:10524000002BFCD002B07047200000200848006806
:10525000006880F308884FF0000080F3148862B67D
:1052600061B6BFF34F8FBFF36F8F00DF00BF000049
:1052700008ED00E0DFF80C00016841F47001016006
:105280007047000088ED00E04FF0807340F8043C68
:1052900021F0010140F8081C054B40F80C3C40F897
:1052A000202C6FF0020340F8243C4438704700BFC4
:1052B0000D52000800000000000000000000000087
:1052C000074B19680868B0E8F04F80F30988BFF30E
:1052D0006F8F4FF0000080F311887047AFF30080AC
:1052E000CC4E00204FF0500383F31188BFF36F8F33
:1052F000BFF34F8F0B4A136801331360012B00D0AB
:1053000070474FF0E023D3F8043D13F0FF0FF7D0C0
:105310004FF0500383F31188BFF36F8FBFF34F8FAC
:10532000FEE700BF20000020094B1B6843B94FF087
:10533000500383F31188BFF36F8FBFF34F8FFEE7E6
:10534000013B034A13600BB983F31188704700BF18
:10535000200000200000000000000000000000000D
:10536000EFF30980BFF36F8F154B1A681EF0100F13
:1053700008BF20ED108A20E9F04F10602DE90900E8
:105380004FF0500080F31188BFF34F8FBFF36F8F42
:1053900000F09CFD4FF0000080F3118809BC1968F3
:1053A0000868B0E8F04F1EF0100F08BFB0EC108A8C
:1053B00080F30988BFF36F8F704700BFAFF30080A1
:1053C000CC4E002008B54FF0500383F31188BFF393
:1053D0006F8FBFF34F8F00F04BFC28B14FF0E023ED
:1053E0004FF08052C3F8042D002383F3118808BDC9
:1053F0004FF0E022002313619361054B1B680549C0
:10540000A1FB03139B09013B536107231361704701
:1054100014000020D34D62104FF0E023D3F8002D8C
:105420003D4B9A421CD04FF0E023D3F8002D3B4B6C
:105430009A421ED030B583B0394B1A78D2B201925D
:10544000FF221A701B78DBB28DF803309DF8033011
:1054500003F05003334A1370334B07221A601BE0EA
:105460004FF0500383F31188BFF36F8FBFF34F8F5B
:10547000FEE74FF0500383F31188BFF36F8FBFF344
:105480004F8FFEE7284A1368013B13609DF80330F5
:105490005B00DBB28DF803309DF8033013F0800F12
:1054A000F0D1214B1B68032B08D04FF0500383F33E
:1054B0001188BFF36F8FBFF34F8FFEE71B021A4AAD
:1054C000136003F4E0631360019BDBB2144A1370B2
:1054D0004FF0E024D4F8203D43F47003C4F8203D9D
:1054E000D4F8203D43F07043C4F8203DFFF780FF1F
:1054F00000250E4B1D60FFF7BDFED4F8343F43F08E
:105500004043C4F8343FFFF7A1FE00F0DFFCFFF793
:105510007DFE284603B030BD71C20F4170C20F41FD
:1055200000E400E0801100207C1100202000002019
:10553000124A12F0070F1ED0D11D21F00701C1F54C
:10554000705313440A460E48026000214160134420
:10555000083B23F007030B48036059601960991A50
:1055600051601360084B1960084B1960084B4FF0ED
:1055700000421A6070474FF47053E4E7A411002012
:105580009C110020981100209011002094110020FF
:1055900084110020164B1A461B688342FBD35168C6
:1055A00002EB010C844509D0416800EB010C634516
:1055B00009D00360904219D01060704740680144E0
:1055C00051601046F0E710B40A4C2468A3420BD097
:1055D0005B681944416013681B680360904200D007
:1055E00010605DF8044B70470460F7E7704700BF38
:1055F0009C1100209811002038B5044600F030FBC3
:10560000384B1B68B3B1384B1B681C4250D1002C7F
:1056100050D004F1080214F0070F02D022F0070264
:105620000832002A55D0314B1B68934253D330497E
:105630000C6804E0FFF77CFFE5E721461C46636841
:10564000934202D22368002BF7D1264B1B68A3425A
:1056500043D00D68083523680B6063689B1A102BD4
:1056600010D9A01810F0070F08D04FF0500383F3A3
:105670001188BFF36F8FBFF34F8FFEE74360626007
:10568000FFF788FF626819490B689B1A0B6019497C
:1056900009688B4201D217490B60134B1B681343F7
:1056A000636000232360144A13680133136002E02F
:1056B000002500E0002500F067FB15F0070F0ED075
:1056C0004FF0500383F31188BFF36F8FBFF34F8FF9
:1056D000FEE70025EFE70025EDE70025EBE728468C
:1056E00038BD00BF981100208411002094110020C3
:1056F0009C110020901100208C110020002834D033
:1057000038B50446A0F1080550F8043C174A126861
:10571000134208D14FF0500383F31188BFF36F8F0A
:10572000BFF34F8FFEE750F8081C41B14FF0500314
:1057300083F31188BFF36F8FBFF34F8FFEE723EA28
:10574000020340F8043C00F08BFA54F8041C084AA9
:1057500013680B4413602846FFF71CFF054A1368C3
:105760000133136000F010FB38BD70478411002036
:105770009411002088110020084B1B681B6823B976
:10578000074B4FF0FF321A607047044B1B68DB6811
:10579000DB685A68024B1A60704700BF144E002045
:1057A000AC4D00202DE9F04707469846089DDDF8EE
:1057B00024900A9C266B02F18042013A06EB820695
:1057C00026F00706002964D008464FF0000CBCF113
:1057D0000F0F09D810F80C2004EB0C0383F83420C9
:1057E00012B10CF1010CF2E7002384F84330062DCE
:1057F00000D90625E56265644FF0000AC4F848A0A8
:10580000201DFFF7C8FC04F11800FFF7C4FC246159
:10581000C5F10705A5616462C4F890A184F894A15C
:105820004FF4A072514604F1500003F095FF1B4B5A
:10583000636503F16802A265D033E36501220023AA
:10584000C4E93A2343F20E33A4F8F0304AF6CD33DC
:10585000A4F8F23041F23423A4F8F4304EF26D6330
:10586000A4F8F6304DF6EC63A4F8F8300523A4F85C
:10587000FA300B23A4F8FC30424639463046FFF795
:1058800003FD2060B9F1000F01D0C9F80040BDE868
:10589000F087002384F83430A9E700BFA058002027
:1058A00038B5002407E004EB840293000E48184446
:1058B000FFF766FC0134062CF5D90C4D2846FFF79E
:1058C0005FFC0B4C2046FFF75BFC0A48FFF758FCD7
:1058D0000948FFF755FC0948FFF752FC084B1D60CB
:1058E000084B1C6038BD00BF404E00202C4E0020ED
:1058F000184E0020FC4D0020E84D0020D04D002027
:10590000144E0020104E002010B50446FFF7EAFCAC
:10591000214A136801331360204B1B685BB1204B95
:105920001B686BB91D4B1B68DA6AE36A9A4207D899
:105930001A4B1C6004E0194B1C601368012B28D023
:10594000184A136801331360E06A01238340164A42
:1059500011680B43136000EB8000211D134B03EB18
:105960008000FFF71BFCFFF7DFFC0D4B1B687BB1D2
:105970000A4B1B68DA6AE36A9A4209D24FF0E023C5
:105980004FF08052C3F8042DBFF34F8FBFF36F8FDA
:1059900010BDFFF785FFD3E7CC4D0020CC4E002093
:1059A000C04D0020B04D0020C44D0020404E0020CE
:1059B00010B50446503003F033FF94F8953163B1CD
:1059C000012B11D0022B0ED04FF0500383F311881E
:1059D000BFF36F8FBFF34F8FFEE7206BFFF78EFE95
:1059E0002046FFF78BFE10BD2046FFF787FEFAE743
:1059F0000F4B1B68D3B110B5FFF774FC0D4BDB6880
:105A0000DC68201DFFF7EEFB0B4A1368013B1360B7
:105A1000074A1368013B1360FFF786FC2046FFF737
:105A2000C7FF034B1B68002BE6D110BD704700BFBA
:105A3000E44D0020E84D0020CC4D002008B5FFF7D4
:105A4000D7FF074B1B68012BF9D94FF0E0234FF02C
:105A50008052C3F8042DBFF34F8FBFF36F8FEEE773
:105A6000404E002070B504460D461D4B1E681D4B70
:105A700018680430FFF7B6FB48B91A4B1B68DB6A9D
:105A800001229A4018490B6823EA02030B60B4F123
:105A9000FF3F0DD03444134B1B685C60A64210D905
:105AA000124B18680F4B19680431FFF782FB70BD69
:105AB000002DEFD00B4B196804310D48FFF76EFB3A
:105AC000F5E70C4B1868074B19680431FFF771FBB9
:105AD000094B1B68A342EAD9074B1C60E7E700BFEC
:105AE000C84D0020CC4E0020C44D0020104E002098
:105AF000D04D0020144E0020AC4D002030B587B0B2
:105B00000B9C8CB10C9DC5B14FF4CC750495049DD4
:105B1000B5F5CC7F1AD04FF0500383F31188BFF353
:105B20006F8FBFF34F8FFEE74FF0500383F3118861
:105B3000BFF36F8FBFF34F8FFEE74FF0500383F338
:105B40001188BFF36F8FBFF34F8FFEE7049D0C9D4D
:105B50002C63022485F8954100240394029505AC3A
:105B600001940A9C0094FFF71DFE0C98FFF7CCFEF1
:105B7000059807B030BD2DE9F04385B0074688464B
:105B800014461E469000FFF737FD10B381464FF4D0
:105B9000CC70FFF731FD0546A8B1C0F83090002366
:105BA00080F89531039302900D9B01930C9B009319
:105BB0003346224641463846FFF7F4FD2846FFF7B4
:105BC000A3FE012007E04846FFF798FD4FF0FF30A5
:105BD00001E04FF0FF3005B0BDE8F08310B588B0AC
:105BE00000240594069407AA06A905A8FBF7B0FAB5
:105BF000059B0293069B019300942346079A104944
:105C00001048FFF77BFF104B1860B8B14FF05003FE
:105C100083F31188BFF36F8FBFF34F8F0B4B1B685C
:105C200050330B4A13600B4B4FF0FF321A600A4B94
:105C300001221A60094B1C60FFF7EEFB08B010BD93
:105C4000C01201083D5A0008A84D0020CC4E00208B
:105C500014010020AC4D0020C04D0020C84D002094
:105C6000024A136801331360704700BFA44D00203F
:105C7000F8B53A4B1B68002B69D1394B1D680135CB
:105C80001D60C5B9374B1B681B6843B14FF050030B
:105C900083F31188BFF36F8FBFF34F8FFEE7314A55
:105CA0001168314B186810601960304A136801336D
:105CB0001360FFF761FD2E4B1B68AB423DD90027F7
:105CC0002C4B1B68DB6A03EB83039A002A4B9B581F
:105CD000012B00D90127294B1B68002B3CD0012741
:105CE0003AE001271F4B1B681B6843B31D4B1B6821
:105CF000DB68DC6863689D4226D3261D3046FFF7CB
:105D000071FAA36A1BB104F11800FFF76BFAE36A9A
:105D100001229A401A49086802430A6003EB830390
:105D20009A00314614481044FFF738FAE26A114BE2
:105D30001B68DB6A9A42D4D2D4E70027D2E70C4B27
:105D40004FF0FF321A60BBE7094A1360B8E70D4A0B
:105D500013680133136000273846F8BDA44D0020B6
:105D6000C84D0020144E0020104E0020B44D0020DD
:105D7000AC4D0020CC4E0020404E0020B84D0020FD
:105D8000C44D0020BC4D002038B5354B1B6843B9CD
:105D90004FF0500383F31188BFF36F8FBFF34F8F22
:105DA000FEE7FFF79FFA2E4B1A68013A1A601B684C
:105DB000002B4FD12B4B1B680BB900244BE0002468
:105DC000294B1B681BB3284BDB68DC6804F1180007
:105DD000FFF708FA251D2846FFF704FAE06A0123B9
:105DE0008340224A11680B43136000EB8000294670
:105DF0001F4B03EB8000FFF7D1F9E26A1D4B1B68D4
:105E0000DB6A9A42DCD31C4B01221A60D8E70CB142
:105E1000FFF7B2FC194B1C6884B9174B1C68D4B14E
:105E20004FF0E0234FF08052C3F8042DBFF34F8FA3
:105E3000BFF36F8F01240EE0013C07D0FFF718FF7E
:105E40000028F9D00C4B01221A60F5E70B4B002219
:105E50001A60E2E70024FFF767FA204638BD00BF6A
:105E6000A44D0020CC4D0020FC4D0020C44D00204E
:105E7000404E0020CC4E0020B84D0020BC4D0020EC
:105E800010B5A8B10446104B1B6843B14FF0500346
:105E900083F31188BFF36F8FBFF34F8FFEE7FFF7D8
:105EA000DFFE00212046FFF7DDFDFFF76DFF48B95B
:105EB0004FF0E0234FF08052C3F8042DBFF34F8F13
:105EC000BFF36F8F10BD00BFA44D0020224B1B6895
:105ED0001BB1224B01221A607047204B00221A602E
:105EE0001F4B1B68B3FA83F3DBB2C3F11F0303EB51
:105EF00083018A001B498A5842B94FF0500383F34B
:105F00001188BFF36F8FBFF34F8FFEE7154803EB88
:105F100083018A00024451684968516003EB830C95
:105F20004FEA8C020832024491420DD003EB830306
:105F30009A000C4B13445B68DA680B4B1A601B68C1
:105F400050330A4A13607047486862469100054A18
:105F50000A445060EAE700BFA44D0020B84D00207D
:105F6000C44D0020404E0020CC4E002014010020E3
:105F70007047704710B5FCF759F90446FCF756F91D
:105F8000A042FBD0FCF752F910BD10B504E04FF46D
:105F90007A70FFF7EFFF2046431E9CB20028F6D12F
:105FA00010BD000008B5002210210248FDF7E4F8FA
:105FB00008BD00BF0000024008B5012210210248C0
:105FC000FDF7DAF808BD00BF0000024008B5002266
:105FD00001210248FDF7D0F808BD00BF00040240CF
:105FE00008B5012211460248FDF7C6F808BD00BFFA
:105FF0000004024000B587B08DF80F004FF47A73AB
:10600000009301230DF117020DF10F010348FDF775
:10601000A8FD9DF8170007B05DF804FB8C0D00206B
:1060200010B50C46FFF7E6FF2046FFF7E3FF10BD73
:1060300010B50C4640F08000FFF7DCFF5520FFF75D
:10604000D9FF207010BD38B50D46144640F08000D1
:10605000FFF7D0FF06E05520FFF7CCFF05F8010B56
:10606000013CE4B2002CF6D138BD000070B5FFF75A
:1060700099FF8020FFF7BEFF5520FFF7BBFF55209B
:10608000FFF7B8FFFFF798FF9620FFF773FFFFF7C2
:1060900089FF8020FFF7AEFF5520FFF7ABFF5520AB
:1060A000FFF7A8FFFFF788FF9620FFF763FFFFF7D2
:1060B00079FFB6217E20FFF7B3FFFFF77DFF502069
:1060C000FFF763FFFFF76EFF8020FFF793FF552078
:1060D000FFF790FF5520FFF78DFFFFF76DFF96202C
:1060E000FFF748FFFFF75EFF8020FFF783FF552093
:1060F000FFF780FF5520FFF77DFF0446FFF75CFFA9
:106100009620FFF737FF1E2C32D10024052C2DD806
:10611000FFF748FF174A04EB4403D1184E78D55CCB
:1061200031462846FFF77CFFFFF746FF9620FFF732
:1061300021FFFFF737FF45F08000FFF75BFF552099
:10614000FFF758FF5520FFF755FF0546FFF734FFCF
:106150009620FFF70FFFAE4202D10134E4B2D5E73B
:1061600004EB4404034B2344987800E0002070BD06
:10617000FF20FCE7B814010870B582B000248DF848
:106180000740FFF723FF0DF107012046FFF750FFFF
:10619000FFF726FF9620FFF7EDFEFFF717FF0DF143
:1061A00007012046FFF744FFFFF71AFF9620FFF78D
:1061B000E1FEFFF70BFFB6211420FFF731FFFFF7D9
:1061C0000FFF5020FFF7E1FEFFF700FF0DF1070181
:1061D0002046FFF72DFFFFF703FF9620FFF7CAFECB
:1061E000FFF7F4FE0DF107012046FFF721FFFFF74F
:1061F000F7FE9620FFF7BEFE9DF807300F2B2ED13D
:10620000052C29D8FFF7E2FE164A04EB4403D11807
:106210004D78D65C29463046FFF702FFFFF7E0FED7
:106220009620FFF7A7FEFFF7D1FE0DF107013046DC
:10623000FFF7FEFEFFF7D4FE9620FFF79BFE9DF8CA
:1062400007309D4202D10134E4B2D9E704EB4404A3
:10625000044B2344987800E0002002B070BDFF207A
:10626000FBE700BFA414010810B5FFF781FEFFF79C
:1062700080FEFFF7FBFE0446FFF77EFF2043C0B21F
:1062800010BD0000F0B583B006460D461446002749
:1062900000970197FFF786FE9220FFF7ABFE0622DC
:1062A00069461220FFF7CFFEFFF786FE9DF801300A
:1062B0001B021BB29DF80020134307EE903AF8EE44
:1062C000E77A474A92ED007A67EE877AC5ED007A61
:1062D0009DF803301B021BB29DF802100B4307EE22
:1062E000903A92ED007AF8EEE77A67EE877AC5ED9C
:1062F000017A9DF805301B021BB29DF80420134360
:1063000007EE903AF8EEE77A67EE877AC5ED027A03
:10631000FFF75CFE082269463846FFF794FEFFF758
:106320005FFE9DF800300F2B27D0FFF73BFEA22029
:10633000FFF760FE022269462220FFF784FEFFF786
:106340003BFE9DF800209DF801305B0943EAC20343
:10635000B3F5806F01DBA3F5006307EE903AF8EE2A
:10636000E77AB4EE007A67EE877AB3EE077A77EED3
:10637000877AC4ED007A03B0F0BD9DF803301B02AC
:106380001BB29DF80220134307EE903AF8EEE77A2D
:10639000144A92ED007A67EE877AC6ED007A9DF88E
:1063A00005301B021BB29DF804100B4307EE903A18
:1063B00092ED007AF8EEE77A67EE877AC6ED017A19
:1063C0009DF807301B021BB29DF80620134307EE11
:1063D000903AF8EEE77A67EE877AC6ED027AA4E79C
:1063E00028000020240000202DE9F0418AB0CA4B8B
:1063F000984206D0C94B984200F0C8800AB0BDE868
:10640000F08101AB03AA0021FCF7FBF8039BA3F288
:106410000122072A27D8013BDBB2C14A1370C149C8
:1064200003EB830201EB420031F9124004819DF835
:1064300004409DF805C04CEA042C21F812C09DF8D8
:106440000620120212B29DF80740224342809DF8B6
:106450000820120212B29DF80940224382809DF862
:106460000A208271CAE79DF804305A1E032AC5D853
:106470009DF805C09DF806009DF807109DF80820BE
:10648000170947EA0117160206F470669DF80920FD
:1064900016435D1EA44C4FEAC508C5EBC50304EBCB
:1064A000C3039A685A60DA699A611021F2EE090A08
:1064B000BAEE090A40EA0C2000F049FFA8EB0503F8
:1064C00004EBC30383ED020A9DF80450013D0C2147
:1064D000DFED960A9FED960A384600F038FFC5EBCF
:1064E000C50504EBC50585ED030A9DF80450013D83
:1064F0000C21F3EE020ABBEE020A304600F027FF41
:10650000C5EBC50504EBC50585ED080A9DF804300B
:10651000013BC3EBC30204EBC20494ED027AD4ED59
:10652000017A37EE677AF2EE087AB4EEE77AF1EEA6
:1065300010FA1FDDF3EE097A37EE677ADFED7D6A38
:10654000C7EE267A7849C3EBC30201EBC202C2ED63
:10655000057AD2ED046A67EEA67AB7EE007A37EED6
:10656000667AD2ED066A27EE267A77EE877AC2ED52
:10657000077A43E7FAEE087AB4EEE77AF1EE10FA1A
:10658000DCD5F3EE097A37EE277AD7E701AB03AA19
:106590000021FCF736F8039BA3F20122072A27D833
:1065A000013BDBB2644A1370644903EB830201EBE5
:1065B000420431F9120020819DF804509DF8050035
:1065C00040EA052021F812009DF80620120212B2BE
:1065D0009DF80700024362809DF80820120212B263
:1065E0009DF809000243A2809DF80A20A27105E7E8
:1065F0009DF804305A1E032A3FF600AF9DF805C0EF
:106600009DF806009DF807109DF80820170947EA35
:106610000117160206F470669DF809201643DD1C6A
:10662000414C4FEAC508C5EBC50304EBC3039A68A8
:106630005A60DA699A611021F2EE090ABAEE090A83
:1066400040EA0C2000F083FEA8EB050804EBC80824
:1066500088ED020A9DF8045003350C21DFED330A62
:106660009FED330A384600F072FEC5EBC50504EB1A
:10667000C50585ED030A9DF8045003350C21F3EEA2
:10668000020ABBEE020A304600F061FEC5EBC5050A
:1066900004EBC50585ED080A9DF804300333C3EB10
:1066A000C30204EBC20494ED027AD4ED017A37EE12
:1066B000677AF2EE087AB4EEE77AF1EE10FA1FDDAF
:1066C000F3EE097A37EE677ADFED1A6AC7EE267ABB
:1066D0001549C3EBC30201EBC202C2ED057AD2ED4C
:1066E000046A67EEA67AB7EE007A37EE667AD2EDE4
:1066F000066A27EE267A77EE877AC2ED077A7DE67C
:10670000FAEE087AB4EEE77AF1EE10FADCD5F3EEA1
:10671000097A37EE277AD7E72808002000080020FA
:10672000D14E0020844F00206050002000003442F1
:10673000000034C26F12833AD04E0020344F002044
:1067400010B582B08E469446104940F2FF120A609E
:1067500000228A60CA6008220A610D4A4FEA2E248C
:10676000147082F801E04FEA202E82F802E0D07027
:106770004FEA2C20107182F805C018129071D37165
:1067800001AB0448FBF7C8FE02B010BDDC4E002090
:10679000D44E00200008002010B582B08E469446EA
:1067A0000F494FF400720A6000228A60CA60082212
:1067B0000A610C4A0412147050704FEA2E20907037
:1067C00082F803E04FEA2C20107182F805C01812FD
:1067D0009071D37101AB0448FBF79EFE02B010BD6F
:1067E0001C4F0020144F00200008002010B582B07C
:1067F0008E4694460F494FF400720A6000228A6068
:10680000CA6008220A610C4A0412147050704FEAE0
:106810002E20907082F803E04FEA2C20107182F84D
:1068200005C018129071D37101AB0448FBF774FED8
:1068300002B010BD1C4F0020144F0020280800207B
:1068400010B582B08E4694460F4940F2FF120A609E
:1068500000228A60CA6008220A610C4A041214707D
:1068600050704FEA2E20907082F803E04FEA2C20FF
:10687000107182F805C018129071D37101AB0448F1
:10688000FBF74AFE02B010BDFC4E0020F44E002083
:106890002808002008B5324C324D334A214628469C
:1068A000FFF7F0FC95ED000A304B83ED000AD5EDC3
:1068B000010A2F4BC3ED000A95ED021A2D4B83ED13
:1068C000001A9FED2D3A2D4EB0EE434AF0EE433ABA
:1068D000D4ED022A94ED012AD4ED001A304600F0DE
:1068E000B5F9274CA4F108052346221F2946304656
:1068F00000F09EFB54ED026A9FED226A66EE866A06
:10690000214BC3ED006A14ED017A27EE067A83ED80
:10691000017AD5ED027A67EE867AC3ED027A1B4BD7
:10692000C3ED006A1A4B83ED007A1A4BC3ED007A6F
:10693000194BD968194A11601969194A11605969C6
:10694000184A11609968184A11601968174A11604D
:106950005A68174B1A600120FEF70BFC9BE700BF3B
:106960009C0C0020A80C0020980C0020740C002027
:106970007C0C0020780C00200000000000000020AB
:10698000940C0020E02E6542800C00206C0C00204E
:10699000700C0020680C0020D44F0020640C0020F4
:1069A000600C00205C0C0020580C0020540C0020CF
:1069B000500C0020F6EE007A60EE277A10EE103AC6
:1069C000074AA2EB630307EE103A67EE277A67EEF9
:1069D000277AB7EE080A30EE670A27EE000A7047FA
:1069E000DF59375F10B52DED068B0446B0EE409AA7
:1069F000F0EE609AB0EE418AF0EE618AB0EE42AA03
:106A0000F0EE62AAF5EE401AF1EE10FA0AD1B5EEF8
:106A1000402AF1EE10FA05D1F5EE402AF1EE10FA17
:106A200000F0938068EEA87A2AEE0A7A77EE877AE9
:106A30002AEEAA0A37EE800AFFF7BCFF68EE808ACA
:106A40002AEE00AA6AEE80AA94ED017AD4ED036AD8
:106A500027EE266AD4ED007AD4ED025A27EEA55A25
:106A600036EE456A27EE277A66EEA55A37EE257A86
:106A700067EEA77AF6EE005A77EEE57A66EEA66A3A
:106A800077EEA67A6AEE275A6AEE876A75EEE65ABC
:106A90006AEE86AA68EEA77A7AEEE7AA68EE878A97
:106AA0002AEE06AA78EECA8A614BD3ED007AF5EE9B
:106AB000C07AF1EE10FA40F3B380D3ED007A67EEBE
:106AC000A57A9FED5C7A67EE877A5B49D1ED006A23
:106AD00076EEA77AC1ED007AD3ED007A67EEAA7A56
:106AE00067EE877A554AD2ED006A76EEA77AC2ED54
:106AF000007AD3ED007A67EEA87A67EE877A504B7A
:106B000093ED007A77EE277AC3ED007AD1ED007A23
:106B100039EE279AD2ED007A79EEA79AD3ED007A72
:106B200038EE278A474BD3ED007A67EEA57A39EE27
:106B3000279AD3ED007A67EEAAAA79EEAA9AD3ED46
:106B4000007A67EEA87A38EE278ADFED3F7A29EEE1
:106B5000270A69EEA70A28EE271AD4ED006A94EDF9
:106B6000017AD4ED027A27EE409A20EEA76A39EE38
:106B7000469AD4ED039A29EE816A39EE469A39EEA7
:106B8000269A84ED009A60EE268A21EE276A78EE36
:106B9000868A29EEA06A78EEC68A78EE878AC4EDE6
:106BA000018A20EEA68A21EE076A38EE468A29EE8F
:106BB000806A38EE068A38EE278A84ED028A21EE52
:106BC000261A60EE870A31EE201A20EE270A31EEEF
:106BD000401A79EE819AC4ED039A69EE097A28EE9B
:106BE000A87A77EE877A28EE087A77EE877A29EE08
:106BF000A90A37EE800AFFF7DDFE29EE009A84ED40
:106C0000009A68EE808AC4ED018A28EE008A84ED3D
:106C1000028A69EE809AC4ED039ABDEC068B10BD22
:106C20000023054A1360054A1360054A136079E79B
:106C3000185000206F12833A14500020105000208A
:106C40000C5000202C0000206F12033A10B52DEDDF
:106C5000108B86B00446B0EE40AAF0EE60AAB0EE0B
:106C6000418AF0EE618AB0EE42BAB0EE62CAB0EE8E
:106C7000439AF0EE63BAF0EE449AB5EE403AF1EE84
:106C800010FA0AD1F5EE403AF1EE10FA05D1B5EE60
:106C9000404AF1EE10FA00F0B181F5EE408AF1EED3
:106CA00010FA0AD1B5EE40BAF1EE10FA05D1B5EE00
:106CB00040CAF1EE10FA00F0358168EEA87A2BEEAA
:106CC0000B7A77EE877A2CEE0C0A37EE800AFFF704
:106CD00071FE68EE805ACDED025A2BEE005A8DED12
:106CE000035A6CEE004ACDED044A69EE097A2BEEA8
:106CF000AB7A77EE877A29EEA90A37EE800AFFF79A
:106D000059FE29EE009A6BEE80BA69EE809AD4EDB6
:106D1000007A27EEA77A8DED057A94ED01BA27EE79
:106D20008BFAD4ED028A67EEA8FA94ED03DA67EEE7
:106D30008D7A6BEE0BCA6BEE286A2BEE0DBA68EEFD
:106D4000A8EA68EE8D8A2DEE0DDAB6EE00EA3EEE88
:106D50006ECA3CEE4DCA2CEE097A76EEE7DA2DEEDD
:106D6000AB6A37EE067A3FEE8B6A8DED016A26EE4E
:106D7000296A37EE067A37EE077A77EEA67A67EE5B
:106D8000897A7EEE6CCA7CEECD6A66EEAB6A77EEEF
:106D9000A67A78EECF6A66EEA96A77EEA67A77EEE3
:106DA000A77A27EE077A67EEA77A77EE277A17EEAB
:106DB000900AF9F769FB41EC100B08F091FB51ECDC
:106DC000100BF9F7B9FB07EE100A3BEE6FBA6BEE4A
:106DD000097A7FEE288A68EEAB6A77EEA67A7CEEB7
:106DE000EECA6CEEA96A77EEA67A77EEA77ADDEDA9
:106DF000056A76EECE6A76EE8D6A2CEE07CA2BEE29
:106E0000276A3CEE06CA6DEE87DA28EEA76A7DEEA9
:106E100086DA9DED016A26EE077A6CEEA7CA77EE58
:106E20002C7A9DED035A25EE266ADDED044A28EE04
:106E3000A47A36EE476A2BEEA77A69EEAD5A37EEA2
:106E4000657A36EE076A2BEE247ADDED025A65EE9E
:106E5000A66A37EE667A69EE8C9A69EE277A79EE41
:106E6000E79A37EE297A68EEA58A2BEE05BA78EE16
:106E7000CB8A29EE2D9A6BEE8CBA39EE6B9A78EEAE
:106E8000898A644BD3ED007AF5EEC07AF1EE10FA00
:106E900040F3B780D3ED007A67EE867ADFED5E6A65
:106EA00067EEA67A5D49D1ED005A75EEA77AC1ED7D
:106EB000007AD3ED007A67EE877A67EEA67A584AB1
:106EC000D2ED005A75EEA77AC2ED007AD3ED007AC2
:106ED00067EEA87A67EEA67A524BD3ED006A76EE9B
:106EE000A77AC3ED007AD1ED007A3AEE27AAD2ED67
:106EF000007A7AEEA7AAD3ED007A38EE278A4A4BB9
:106F0000D3ED007A67EE867A3AEE27AAD3ED007ABF
:106F100027EE877A7AEE87AAD3ED007A67EEA87A11
:106F200038EE278ADFED417A2AEE27AA6AEEA7AA71
:106F300028EE278A94ED006AD4ED016A94ED027A76
:106F400066EECA9A6AEE877A79EEE79AD4ED037A0A
:106F500067EE885A79EEE59A79EE869AC4ED009A42
:106F60002AEE069A68EE075A39EE259A67EEAA5A73
:106F700039EE659A39EE269A84ED019A6AEE868A90
:106F800068EE265A78EEE58A67EE8A5A78EEA58A88
:106F900078EE878AC4ED028A28EE068A6AEEA6AAEF
:106FA00038EE2A8A2AEE07AA38EE4A8A37EE888A0D
:106FB00084ED038A69EEA97A29EE097A77EE877A59
:106FC00028EEA87A77EE877A28EE080A37EE800A4C
:106FD000FFF7F0FC69EE809AC4ED009A29EE009A62
:106FE00084ED019A68EE808AC4ED028A28EE008A58
:106FF00084ED038A06B0BDEC108B10BDFFF7F2FCE8
:10700000F8E70023054A1360054A1360054A136038
:1070100075E700BF185000206F12833A145000200B
:10702000105000200C5000202C0000206F12033A5A
:10703000F8B52DED028B04460F4616461D46D0EDE1
:10704000000A90ED030A20EE800AD0ED017A90ED5F
:10705000027A27EE877A30EE070A60EEA00A67EE22
:10706000A77A70EEA70A70EEA00AB7EE008A70EE5B
:10707000C80A30EE000A08F01FFB87ED000AD4EDC5
:10708000017A94ED037A67EE877A94ED007AD4ED75
:10709000026A27EE267A77EEC77AB8EE000A27EE64
:1070A000800A08F0DDFA86ED000AD4ED000A94EDBE
:1070B000010A20EE800A94ED027AD4ED037A27EEDD
:1070C000277A30EE070A60EEA00A67EEA77A70EE24
:1070D000A70A70EEA00A70EEC80A30EE000A08F0A7
:1070E000EBFA85ED000ABDEC028BF8BD184B1B785E
:1070F0004BB103F0FF02012A10D00023144A137091
:10710000144A13707047FF2800D07047124B187054
:107110000123104A13700E4A137070470D490A7804
:10712000531CDBB20B700C498854102BEDD110B4FA
:10713000CB7B0D2B07D00023054A1370054A137033
:107140005DF8044B7047054C0FC984E80F00F2E767
:107150001D5000201C5000203050002050500020B6
:1071600010B5114BFF221A7000225A700F4AD2ED4F
:10717000007AF1EE677A17EE902AC3F802200C4AE3
:107180001268C3F806200B4A1268C3F80A200D22C1
:10719000DA73094C0FCB84E80F0010222146074810
:1071A000FDF7D1FC10BD00BF40500020680C00204E
:1071B000700C00206C0C00202050002030110020AA
:1071C00008B50E4C4FF480612046FBF7DBFF6420CE
:1071D000FDF7CFFF4FF480512046FBF7D3FF64202B
:1071E000FDF7C7FF4FF400612046FBF7CBFF64209B
:1071F000FDF7BFFF0120FDF7BCFFE2E7001C0240E6
:1072000010B58AB0012208920023069307920093DA
:10721000019302930393059304930E4C6946204611
:10722000FBF7B0F82046FBF749F902212046FBF7AF
:107230009DFA0E2309930593074C69462046FBF7F8
:10724000A1F82046FBF73AF902212046FBF78EFA17
:107250000AB010BD280800200008002010B4164B0A
:107260001B685C6944F040045C61DC6844F0100415
:10727000DC60124B1C68236823F00103236003E0E9
:107280001C6824F001041C600C4B1B681C6814F083
:10729000010FF5D10A4C9C60D86019615A601A68D8
:1072A00042F480221A60054B1A68136843F0010308
:1072B00013605DF8044B7047E8100020800F002039
:1072C00004480040F0B589B007460D4614461E46F6
:1072D000012A03D0022C11D009B0F0BD0028F9D04A
:1072E0000029F7D00293002304930593069101AB84
:1072F000024602A90948FBF70FF9EBE7002FEBD094
:10730000002DE9D00296002304930593069501AB66
:107310003A4602A90248FBF7FFF8DDE728080020FB
:107320000008002031EE601A30EE600A012383402D
:10733000013B07EE903AF8EEE77A20EE270AC0EE1E
:10734000017AFCEEE77A17EE903A98B2704707EEB2
:10735000900A70EEC00AF8EEE77A27EEA07A0123D1
:107360008B40013B07EE903AF8EEE77AC7EE276ACA
:1073700036EE800A7047000084B0F0B52DED028B28
:1073800083B00AAC84E80F00DDED158AFBEE027ACB
:10739000F4EEE78AF1EE10FA09D9F3EE027AF4EE90
:1073A000E78AF1EE10FA04DBF0EE678A01E0FBEE0B
:1073B000028A9FED2D8A1020B2EE091AFAEE090A10
:1073C000B0EE480AFFF7AEFF07460C209FED271AE4
:1073D000DFED270AB0EE480AFFF7A4FF06460C20AF
:1073E0009FED241AF0EE480AB0EE480AFFF79AFF24
:1073F00005460C20B1EE041AF0EE480AB0EE480A39
:10740000FFF790FF04460C20B3EE021AFBEE020ACF
:10741000B0EE680AFFF786FF3A0A8DF800208DF873
:10742000017032098DF802202A0A42EA06128DF80C
:1074300003208DF8045022098DF80520020A42EA43
:1074400004128DF806208DF807009DF828309DF86D
:10745000292008216846FFF735FF03B0BDEC028BF9
:10746000BDE8F04004B07047000000000000344266
:10747000000034C20000FA4384B000B583B08446F3
:1074800005A880E80E00134B93E8030002AB03E964
:107490000300BCF1020F15D0BCF1030F16D0BCF1F4
:1074A000010F0AD1FC238DF807309DF814309DF8A8
:1074B000152008216846FFF705FF03B05DF804EBCF
:1074C00004B07047FD238DF80730EEE7FE238DF8FA
:1074D0000730EAE7C8120108F8B504460D4616461B
:1074E0001F4600231A461946BDF91C00FFF728F96C
:1074F00000231A46BDF92410BDF92000FFF74CF90E
:107500003B46324629462046FFF770F9BDF9303038
:10751000BDF92C20BDF92810BDF91800FFF790F92E
:10752000F8BD00002DE9F04198B0012800F0A980D5
:107530004FF001088DF829808DF828806C460EAD3B
:107540000FCD0FC40FCD0FC495E8030084E80300EE
:107550000AAC94E80F00FFF70FFF02278DF82870A0
:107560006D460EAE0FCE0FC50FCE0FC596E80300C9
:1075700085E8030094E80F00FFF7FEFE03268DF870
:1075800028606D460DF1380CBCE80F000FC5BCE853
:107590000F000FC59CE8030085E8030094E80F0086
:1075A000FFF7EAFE04258DF82850EC460DF1380E61
:1075B000BEE80F00ACE80F00BEE80F00ACE80F001B
:1075C0009EE803008CE8030094E80F00FFF7D4FE68
:1075D0008DF829708DF82880EC460DF1380EBEE844
:1075E0000F00ACE80F00BEE80F00ACE80F009EE80B
:1075F00003008CE8030094E80F00FFF7BDFE8DF850
:107600002870EC460DF1380EBEE80F00ACE80F0014
:10761000BEE80F00ACE80F009EE803008CE8030012
:1076200094E80F00FFF7A8FE8DF82860EC460DF1F6
:10763000380EBEE80F00ACE80F00BEE80F00ACE863
:107640000F009EE803008CE8030094E80F00FFF7AA
:1076500093FE8DF82850EC460DF1380EBEE80F0071
:10766000ACE80F00BEE80F00ACE80F009EE8030096
:107670008CE8030094E80F00FFF77EFE18B0BDE829
:10768000F081104E6C4606F148050FCD0FC40FCDAA
:107690000FC495E8030084E8030006F138030FCB1C
:1076A000FFF76AFE6C4606F110050FCD0FC40FCD33
:1076B0000FC495E8030084E8030096E80F00FFF785
:1076C0005BFEDBE76050002000B589B005E00020DC
:1076D000FFF728FF0120FDF74CFD294BB3F90030DF
:1076E0000693284BB3F900300593274BB3F90030CC
:1076F0000493264BB3F900300393254BB3F90030C4
:107700000293244BB3F9003001934FF4FA630093D2
:10771000214BB3F90030214AB2F900202049B1F9D8
:1077200000102048B0F90000FFF7D6FE0120FDF759
:1077300020FD1D4BB3F900101C4BB3F900201C4B6E
:10774000B3F90030002A18BF0029C0D0B3FA83F380
:107750005B09002BBBD1174BB3F90030022B07D0CC
:10776000012B18BF032B07D10120FFF7DBFEB1E788
:107770000020FFF7D7FEADE70020FFF7D3FEA9E713
:10778000FC0C0020FE0C0020CC0C0020D40C0020AF
:10779000D80C0020DC0C00200E0D0020140D002061
:1077A0001A0D0020200D0020500D00204A0D002051
:1077B000480D00207C0D002008B5544BB3F90000A3
:1077C000012814BF00230123514AB2F900100129F6
:1077D00014BF00220122134223D04E4B00221A6014
:1077E0004D4BB3F90000012814BF002301234B4A7D
:1077F000B2F90010012914BF00220122134246D021
:10780000474B00221A60FAF711FD464B1B68C01A5D
:10781000B0F5967F04D9444BB3F90030012B6CD0FE
:1078200008BD002914BF002303F0010373B13F4BCF
:10783000D3ED007A9FED3E7A77EEC77AB5EE007A07
:1078400067EE877A334BC3ED007AC9E7002814BF8F
:10785000002202F0010272B1344B93ED007ADFEDA9
:10786000347A37EE677AF5EE007A67EEC77A294BFD
:10787000C3ED007AB4E72F4BB3F900309B0007EE5D
:10788000903AF8EEE77A234BC3ED007AA8E7002997
:1078900014BF002303F0010373B1244B93ED007A6E
:1078A000DFED237A37EE677AF5EE007A67EEC77A76
:1078B0001B4BC3ED007AA6E7002814BF002202F09C
:1078C000010272B1194BD3ED007A9FED197A77EE70
:1078D000C77AB5EE007A67EE877A114BC3ED007A6E
:1078E00091E7154BB3F900309B0007EE903AF8EEA4
:1078F000E77A0B4BC3ED007A85E7FAF797FC094B63
:1079000018600E4A13880133138089E7780D002030
:10791000760D0020400D0020740D0020720D002017
:10792000440D0020280D00206C0D0020C40C002008
:1079300000007A45840D0020860D0020240D0020D3
:107940001D4B1B8DA3F5F153083B07EE903AF8EE63
:10795000E77ADFED1A6A87EEA67A194B83ED007A93
:1079600006E09FED187A77EEC77A154BC3ED007AE3
:10797000134BD3ED007A9FED147AF4EEC77AF1EE53
:1079800010FAEEDC06E09FED0F7A77EE877A0C4B6B
:10799000C3ED007A0A4BD3ED007A9FED0C7AF4EE3A
:1079A000C77AF1EE10FAEED49FED097A67EE877A86
:1079B000084BC3ED007A7047844F0020610BB6413D
:1079C000300D00200000B44300003443000034C3F5
:1079D00035FA8E3C2C0D002008B52DED068B1C4B86
:1079E0001868F8F751FD41EC190BB0EE490AF0EEBA
:1079F000690A07F0A9FD51EC100BF8F79DFD08EEA0
:107A0000900A144B93ED008A28EE88AAB0EE490A3A
:107A1000F0EE690A07F0DCFD51EC100BF8F78CFD75
:107A200007EE900A0C4B93ED007A67EE876A3AEE08
:107A300066AA0A4B83ED00AA28EE278A68EE878A99
:107A400038EE288A064B83ED008ABDEC068B08BD14
:107A50002C0D0020440D0020400D00203C0D002086
:107A6000380D00200E4BD3ED006A0E4BD3ED007A9B
:107A700036EEA77ABDEEC77A17EE103A9BB2A3EBAB
:107A8000C303094A138077EEE67AFDEEE77A17EE34
:107A9000903A9BB2A3EBC303044A1380704700BF24
:107AA000380D00203C0D0020020D0020000D0020AC
:107AB00008B5DFED050A9FED050A054A00210548D6
:107AC00000F073FE08BD00BF00007A44000080464D
:107AD00078000020D053002010B500EE900A0A4B29
:107AE000B3F9023000EE103A084CF8EEE00AB8EEB6
:107AF000C00A204600F072FED4ED087AFDEEE77A67
:107B000017EE903A18B210BD844F0020D0530020D9
:107B100008B5DFED050A9FED050A054A0021054875
:107B200000F043FE08BD00BF00007A44000080461C
:107B30006C0000208853002010B500EE900A0A4B1C
:107B4000B3F90C3000EE103A084CF8EEE00AB8EE4B
:107B5000C00A204600F042FED4ED087AFDEEE77A36
:107B600017EE903A18B210BD844F002088530020C1
:107B700008B5DFED050A9FED050A054A0021054815
:107B800000F013FE08BD00BF00007A4400008046EC
:107B9000600000204053002010B500EE900A0A4B10
:107BA000B3F9163000EE103A084CF8EEE00AB8EEE1
:107BB000C00A204600F012FED4ED087AFDEEE77A06
:107BC00017EE903A18B210BD844F002040530020A9
:107BD00008B5DFED050A9FED050A054A00210548B5
:107BE00000F0E3FD08BD00BF00007A4400008046BD
:107BF00054000020F852002010B500EE900A0A4B05
:107C0000B3F9203000EE103A084CF8EEE00AB8EE76
:107C1000C00A204600F0E2FDD4ED087AFDEEE77AD6
:107C200017EE903A18B210BD844F0020F852002091
:107C300008B5DFED050A9FED050A054A0021054854
:107C400000F0B3FD08BD00BF0000000000803B4510
:107C500048000020B052002010B5F0EE400A064B5C
:107C60001B8800EE103A054CB8EE400A204600F0A2
:107C7000B5FD94ED080A10BD3A0C0020B05200206A
:107C800010B5894BD3ED006A884B93ED007A76EE00
:107C9000C77AFDEEE77A17EE903A1BB2844A13805A
:107CA00076EE877AFDEEE77A17EE902A10B2814AD7
:107CB000108077EE667AFDEEE77A17EE902A11B221
:107CC0007D4A1180B1EE477A37EE667ABDEEC77A0B
:107CD00017EE102A12B2794C228007EE903AF8EE95
:107CE000E77AF0EEE77A07EE100AB8EEC77AB0EE60
:107CF000C77A77EE877A07EE101AB8EEC77AB0EE39
:107D0000C77A77EE877A07EE102AB8EEC77AB0EE18
:107D1000C77A77EE877A6A4BC3ED007A694B93EDA9
:107D2000007A77EEC77A684BC3ED007AF5EEC07A39
:107D3000F1EE10FA6AD4654B00221A60644B0122FE
:107D40001A805B4BB3F9003007EE903AF8EEE77A11
:107D50005E4B93ED007A77EE877AFDEEE77A17EEC9
:107D6000903A1BB25B4A1380524AB2F9002007EEE8
:107D7000902AF8EEE77A77EE277AFDEEE77A17EEAB
:107D8000902A10B2544A10804B4AB2F9002007EEF4
:107D9000902AF8EEE77A77EE277AFDEEE77A17EE8B
:107DA000902A11B24D4A1180444AB2F9002007EEE0
:107DB000902AF8EEE77A37EE277ABDEEC77A17EE0B
:107DC000102A12B2464C228007EE903AF8EEE77A7B
:107DD000F0EEE77A07EE100AB8EEC77AB0EEC77A8F
:107DE00077EE877A07EE101AB8EEC77AB0EEC77A48
:107DF00077EE877A07EE102AB8EEC77AB0EEC77A28
:107E000077EE877A374BC3ED007A10BD304B0022F6
:107E10001A80354BB3F90030012B92D0032B03D0DD
:107E20002A4B00221A608CE7304B1A88304B1B8D8E
:107E3000D11AB1F5805F08DD2E49D1ED007AB7EE99
:107E4000007A77EE877AC1ED007A9A1AB2F5805FF0
:107E500008DD284AD2ED007AB7EE007A77EEC77ACD
:107E6000C2ED007A214A1380224A92ED007ADFEDBA
:107E7000227A27EE277A07EE903AF8EEE77A77EE45
:107E8000877AFCEEE77A1D4B17EE902A1A809FED59
:107E90001C0AFFF7E1FE1B4B83ED000A30EE000ADF
:107EA0000A4B83ED000A4CE73C0D0020380D002002
:107EB0001E0D0020180D0020120D00200C0D0020BA
:107EC000080D0020C40C0020F80C0020340D002008
:107ED000F40C0020220D00201C0D0020160D0020A7
:107EE000100D0020C00C00207C0D0020400C002054
:107EF000844F00203C0C0020000000463A0C00207B
:107F00000040F145040D002008B5DFED050A9FEDA6
:107F1000050A054A0021054800F047FC08BD00BFDE
:107F200000007A44000080463C0000206852002097
:107F300010B500EE900A0A4BB3F93E3000EE103A4D
:107F4000084CF8EEE00AB8EEC00A204600F046FC05
:107F5000D4ED087AFDEEE77A17EE903A18B210BD2C
:107F6000844F00206852002008B5DFED050A9FED20
:107F7000050A054A0021054800F017FC08BD00BFAE
:107F800000007A440000804630000020205200208B
:107F900010B500EE900A0A4BB3F9483000EE103AE3
:107FA000084CF8EEE00AB8EEC00A204600F016FCD5
:107FB000D4ED087AFDEEE77A17EE903A18B210BDCC
:107FC000844F00202052002008B5154BB3F9000063
:107FD000FFF782FD134B1880134BB3F90000FFF736
:107FE000ABFD124B1880124BB3F90000FFF7D4FD24
:107FF000104B1880104BB3F90000FFF7FDFD0F4B3D
:1080000018800F4BB3F90000FFF792FF0D4B18805B
:108010000D4BB3F90000FFF7BBFF0C4B188008BDF8
:10802000220D0020200D00201C0D00201A0D002024
:10803000160D0020140D0020100D00200E0D002044
:10804000020D0020FE0C0020000D0020FC0C002082
:1080500008B5FFF7B1FBFFF773FCFFF7BDFCFFF7B7
:108060000FFEFFF7FFFCFFF7AFFF0020FDF781F8E1
:10807000EFE7000008B5FAF7D9F8074B1B68C01AFC
:10808000B0F5967F03D9054B00221A8008BD034B3B
:1080900001221A80FAE700BF4C0D0020500D00208D
:1080A000064B93F82E303B2B03D8054B01221A8048
:1080B0007047034B00221A80704700BF844F002096
:1080C0004A0D0020064B93F82E303B2B03D8054B6E
:1080D00001221A807047034B00221A80704700BFAC
:1080E000344F0020480D002008B5FFF7C3FFFFF70D
:1080F000D7FFFFF7E7FF0120FDF73BF8F5E70000AA
:1081000008B544E06C490020088072E06B4900200B
:10811000088074E06A490020088076E06949002000
:10812000088078E06849002008807AE067490020EC
:1081300008807CE06649002008807FE065490020D7
:10814000088082E064490020088085E063490020BF
:10815000088088E06249002008808BE061490020A7
:1081600008808EE060490020088091E05F4900208F
:10817000088094E05E4B0121198012F4004F40F01A
:1081800096805C4B00221A800120FCF7F2FF5A4BCC
:108190001B68B3F90010594A1180B3F90210584A0C
:1081A0001180B3F90410574A1180B3F90610564AEA
:1081B0001180B3F90810554A1180997A544A1180F8
:1081C000D97A544A1180B3F90C10534A1180B3F98B
:1081D0000E10524A1180997C514A1180D97C514A23
:1081E00011809A8A93B212F0010F8BD0324901208C
:1081F000088013F0020F89D030490120088013F065
:10820000040F87D02E490120088013F0080F85D075
:108210002C490120088013F0100F83D02A49012037
:10822000088013F0200F81D028490120088013F026
:10823000400F3FF47FAF26490120088013F0800FE4
:108240003FF47CAF23490120088013F4807F3FF482
:1082500079AF21490120088013F4007F3FF476AF05
:108260001E490120088013F4806F3FF473AF1C494E
:108270000120088013F4006F3FF470AF194901200A
:10828000088013F4805F3FF46DAF17490120088028
:1082900013F4005F3FF46AAF14490120088013F41F
:1082A000804F7FF467AF124B0021198065E7114BB7
:1082B00001221A8068E700BF780D0020760D0020AB
:1082C000740D0020720D0020700D00206E0D002036
:1082D0006C0D00206A0D0020680D0020660D002046
:1082E000640D0020620D0020600D00205E0D002056
:1082F0005C0D00205A0D0020880D0020860D002006
:10830000840D0020820D0020800D00207E0D0020B5
:108310007C0D00207A0D0020580D0020560D002005
:10832000540D0020520D0020384BB3F90020384B7B
:10833000B3F9003052EA030147D1364BB3F90030AC
:1083400007EE903AF8EEE77A9FED337A67EE877A98
:10835000F5EEC07AF1EE10FA1ED4304B93ED007AB0
:10836000F3EE096AB4EEE67AF1EE10FA27DDC3ED1A
:10837000006A2B4BB3F9003007EE903AF8EEE77A3B
:108380009FED287A67EE877A274B93ED007A77EE98
:10839000877AC3ED007A7047204B93ED007AFBEEAD
:1083A000076AB4EEE67AF1EE10FA02D5C3ED006A80
:1083B000DFE777EE877A194BC3ED007AD9E777EEDE
:1083C000877A164BC3ED007AD3E707EE903AF8EEC2
:1083D000E77AB8EE007A67EE877ADFED146A67EE27
:1083E000A67A114B93ED007A77EE277AC3ED007AE7
:1083F00007EE902AF8EEE77A67EEA67A074B93ED40
:10840000007A77EE277AC3ED007A7047560D002088
:10841000580D0020800D00206F1203BAE40C0020DC
:10842000820D002017B751BAE80C00206F12033BF1
:108430001C4B93ED007A1C4BD3ED007A37EE676A44
:10844000DFED1A6AB4EEE66AF1EE10FA08DD184BB9
:10845000D3ED006AB7EE006A76EE866AC3ED006A75
:1084600037EEC77ADFED116AB4EEE67AF1EE10FA74
:1084700008DD0F4B93ED007AF7EE006A37EE667A6F
:1084800083ED007A074BC3ED007A094B93ED007A38
:10849000DFED086A27EE267A77EE877A064BC3ED82
:1084A000007A70474C0C00206C0C00200000344314
:1084B000480C00200000B443440C0020094BB3F9E1
:1084C0000030022B08D0084B41F664121A80074B8B
:1084D0004EF29C621A8070470023034A1380034ABD
:1084E000138070477A0D0020DA0C0020D60C002093
:1084F00008B5DFED050AB3EE0E0A044A0021044870
:1085000000F053F908BD00BF00000000C0000020CB
:108510008055002010B5F0EE400A054C054B93ED58
:10852000000A204600F05AF994ED080A10BD00BF79
:1085300080550020440C002008B5DFED050A9FEDB2
:10854000050A054A0021054800F02FF908BD00BFC3
:1085500000401C460060EA46B4000020C8550020D8
:1085600010B5F0EE400A094C094B93ED000A204685
:1085700000F034F994ED080ABDEEC00A10EE103A8E
:108580001BB200EE103AB8EEC00A10BDC85500206C
:10859000780C002008B5DFED050A9FED050A054AB5
:1085A0000021054800F001F908BD00BF00606A46DF
:1085B0000060EA46A80000203855002010B5F0EE13
:1085C000400A094C094B93ED000A204600F006F9D9
:1085D00094ED080ABDEEC00A10EE103A1BB200EE90
:1085E000103AB8EEC00A10BD385500207C0C0020AF
:1085F00008B5DFED050AB1EE040A044A002104487B
:1086000000F0D3F808BD00BF000000009C0000206F
:10861000F054002010B5F0EE400A054C054B93EDE8
:10862000000A204600F0DAF894ED080A10BD00BFF9
:10863000F0540020700C002008B5114B93ED000A97
:10864000FFF768FF0F4B83ED000AFFF789FFBDEED0
:10865000C00A0D4B10EE102A1A800C4B93ED000A45
:10866000FFF7D8FF0A4B83ED000AFFF7A7FFB1EE33
:10867000400ABDEEC00A074B10EE102A1A8008BD52
:10868000E80C0020F00C0020EC0C0020E40C002092
:10869000E00C0020DC0C002008B5DFED050A9FEDA2
:1086A000050A054A0021054800F07FF808BD00BF13
:1086B00000409C4500007A4690000020A85400200D
:1086C00010B500EE900A0A4BB3F9023000EE103AF2
:1086D000084CF8EEE00AB8EEC00A204600F07EF83A
:1086E000D4ED087AFDEEE77A17EE903A18B210BD95
:1086F000344F0020A854002008B5DFED050A9FED97
:10870000050A054A0021054800F04FF808BD00BFE2
:1087100000409C4500007A46840000206054002000
:1087200010B500EE900A0A4BB3F90C3000EE103A87
:10873000084CF8EEE00AB8EEC00A204600F04EF809
:10874000D4ED087AFDEEE77A17EE903A18B210BD34
:10875000344F00206054002008B5074BB3F90000E7
:10876000FFF7AEFF054B1880054BB3F90000FFF78C
:10877000D7FF044B188008BDDA0C0020D80C00206D
:10878000D60C0020D40C002008B5FFF797FEFFF7A9
:10879000E3FFFFF74DFEFFF7C7FDFFF74DFF00F0CA
:1087A00015FB0020FCF7E5FCEFE7B0B1AAB10170C2
:1087B00011684160516881609268C26080ED040A6E
:1087C000C0ED050A00228263426302630262C26254
:1087D0008262426242640264C263704703460028B8
:1087E00000F0A380D0ED107AC0ED117A90ED0F7AF1
:1087F00080ED107AC0ED060A80ED070A70EEC00A1F
:10880000C0ED0F0A0278002A4CD1D0ED017A60EE5B
:10881000A77AC0ED097AD0ED0A6A90ED026A20EEDF
:10882000866A76EE866AC0ED0A6A426B8263026BE4
:10883000426370EEC70AC0ED0C0A90ED037A60EE59
:10884000870AC0ED0B0A90ED057AF4EEC76AF1EEE7
:1088500010FA13DD80ED0A7A93ED0A7A77EE877AC3
:1088600070EEA70AC3ED080AD3ED047AF4EEE70A26
:10887000F1EE10FA0CDDC3ED087A15E0B1EE477A9F
:10888000F4EEC76AF1EE10FAE6D580ED0A7AE3E776
:10889000F1EE677AF4EEE70AF1EE10FA04D5C3EDD3
:1088A000087A01E0012A02D093ED080A7047D0ED62
:1088B000016A30EEC76A66EE866AC0ED096A90ED1D
:1088C000026A20EE866A80ED0A6A426B8263026B5E
:1088D000426337EE077A70EEC70A77EEA07AC0EDF2
:1088E0000C7A90ED037A67EE877AC0ED0B7A90ED03
:1088F000087A76EE866A77EEA67A77EE277AC0ED6A
:10890000087A90ED047AF4EEC77AF1EE10FA02DDFF
:1089100080ED087AC8E7B1EE477AF4EEC77AF1EE57
:1089200010FAC1D580ED087ABEE79FED010A7047C5
:10893000000000001A4BB3F90030013B092B2DD881
:10894000DFE803F005090D1115191D212529154B27
:10895000154A1A607047134B144A1A607047114B3E
:10896000134A1A6070470F4B124A1A6070470D4B3A
:10897000114A1A6070470B4B104A1A607047094B36
:108980000F4A1A607047074B0E4A1A607047054B32
:10899000054A1A607047034B034A1A60704700BFCC
:1089A00010000020C40C002000606A460000FA4558
:1089B00000A00C4600401C4600E02B4600803B46D1
:1089C00000204B4600C05A4608B511E0F9F72EFCCE
:1089D000174B1860174BB3F90030092B15DC013326
:1089E000144A138011E0FFF7A5FF0120FCF7C1FB3B
:1089F000F9F71CFC0E4B1B68C01AB0F5967FF2D934
:108A00000D4BB3F90030012BE0D00C4BB3F9003023
:108A1000012BE8D1F9F70AFC054B1860054BB3F9B7
:108A20000030012BDFDD013B024A1380DBE700BF92
:108A3000C80C0020100000205A0D00205C0D002002
:108A400000286BD00346002968D030B504784278FE
:108A500044EA0224C4F30A040C80427890F802E04D
:108A60004FEA4E1E4EEAD20ECEF30A0EA1F802E0F5
:108A70008078DA78920042EA9012187942EA8022ED
:108A8000C2F30A028A801D795879C00140EA550074
:108A9000C0F30A00C88093F805C0CCF3011C81F82C
:108AA0000AC093F805C04FEA9C1C81F80BC093F8EC
:108AB00006C0DD794CEA052CA1F80CC093F808C07B
:108AC0005D7A4CEA052CA1F80EC093F80AC0DD7A55
:108AD0004CEA052CA1F810C01D7B8D745D7BCD7414
:108AE00093F80EC0DD7B4CEA052CA1F814C093F876
:108AF00010C05B7C4CEA03230B81A4F580640C80DE
:108B0000AEF5806EA1F802E0A2F580628A80A0F541
:108B10008060C880A3F580630B8130BD7047000082
:108B200008B503492422A1F12400FEF797FB08BDF4
:108B300038560020004870475C56002000B583B0CE
:108B4000314B1B681A6812F0200F09D000220092E6
:108B50001A6800925B680093009B03B05DF804FB09
:108B60002A4A126812F0100FF7D0002201921A68F8
:108B700001925B680193019B254B1B681A6812F4F4
:108B8000002F1DD11A6822F001021A6020480268E5
:108B90005368C3F124039BB21E490B80242151600A
:108BA000116841F40021116001680A6842F0010275
:108BB0000A60122BD1D118491848FFF741FFCCE7C2
:108BC0001A6822F001021A6011490A685368C3F159
:108BD00024039BB20F480380242050601048826A0F
:108BE00022F40022826209680A6842F001020A60E7
:108BF000122BB2D108490B48FFF722FFF9F716FBF9
:108C0000094B1860A9E700BFE810002000480040A9
:108C1000800F0020105600205C56002014560020C3
:108C200000600240385600204C0D002008B51DE0C1
:108C3000F9F7FCFA264B1860264A136801331360D3
:108C400021E0254BB3F90030012B33D0234B1A68B8
:108C500040F2997353639363D3631364204A126899
:108C600053639363D3630120FCF783FAF9F7DEFAC9
:108C7000174B1B68C01AB0F5967F04D9194BB3F98E
:108C80000030012BD4D0F9F7D1FA174B1B68C01A6A
:108C9000B0F5167FD5D9154BB3F90030B3F5967FF3
:108CA000CFDDF9F7C3FA104B18600A4A1368013395
:108CB0001360C6E7094B1A684FF4FA735363936362
:108CC000D3631364064A126853639363D363CAE79A
:108CD000BC0C0020B40C00207A0D0020780E00207F
:108CE000300E00206A0D0020B80C00207E0D002000
:108CF000014B024A1A607047D00C002000809D454D
:108D0000114B93ED007ADFED117AB4EE677AF1EE54
:108D100010FA04D10E4BB3F93430002B00DD70474C
:108D200010B56420FCF725FA094BB3F93430002B59
:108D300000DD10BD044C074B23606420FCF719FADA
:108D4000054B2360F5E700BFD00C002000809D4557
:108D5000844F002000A00CC600809D4508B5FFF799
:108D6000C7FFFFF7CDFF0120FCF703FAF7E700008C
:108D700008B5DFED050A9FED050A054A0021054803
:108D8000FFF713FD08BD00BF0000FA4400007A455C
:108D9000CC0000201854002010B5F0EE400A094B1A
:108DA000B3F9343000EE103A074CB8EEC00A204652
:108DB000FFF714FDD4ED087AFDEEE77A17EE903A4E
:108DC00018B210BD844F00201854002008B5044B81
:108DD00093ED000AFFF7E0FF024B188008BD00BFCB
:108DE000D00C0020CC0C0020094B834200D07047EF
:108DF00010B5084C2078FEF779F9F9F717FA064B09
:108E00001860012221460248FCF762F910BD00BF3C
:108E100030110020380C0020340C00200FB410B5A5
:108E200002AA52F8041B094B1A60094C204600F0B4
:108E300077FC82B2074B1A80642321460648FBF771
:108E40001CFEBDE8104004B0704700BF74570020FE
:108E50007456002072560020A010002000B583B088
:108E6000094BB3F93440B3F93650084B1868F7F79B
:108E70000BFB02460B46009521460548FFF7CEFF47
:108E80000520FCF776F9EBE7844F0020D00C00209A
:108E9000D012010808B5FEF763F90520FCF769F95F
:108EA0000120FCF766F9F6E7204B93ED027A204AA1
:108EB00082ED007AD3ED107A1E4BC3ED007AF6EE08
:108EC000086A77EE266A1C4B93ED006AF4EEC66AD8
:108ED000F1EE10FA10D5C3ED006AB6EE087A37EE5F
:108EE000877A164BD3ED006AB4EEE67AF1EE10FA0B
:108EF0000FD583ED007A7047F6EE086A37EE667A92
:108F0000B4EEC76AF1EE10FAE7D50B4B83ED007AA9
:108F1000E3E7B6EE087A77EEC77AF4EEE76AF1EEA9
:108F200010FA02D5054BC3ED007A7047605000205F
:108F30009C58002098580020300C00202C0C002059
:108F400008B5F2EE0E0AB3EE020A034A0021034806
:108F5000FFF72BFC08BD00BFFC000020505800208C
:108F600010B5F0EE400A054C054B93ED070A20467C
:108F7000FFF734FC94ED080A10BD00BF50580020E4
:108F80006050002008B5F2EE0E0AB0EE600A034A07
:108F900000210348FFF709FC08BD00BFF0000020D6
:108FA000C057002010B5F0EE400A054C054B93ED7C
:108FB000020A2046FFF712FC94ED080A10BD00BF1C
:108FC000C05700206050002008B5F2EE0E0AB3EE44
:108FD000020A034A00210348FFF7E7FB08BD00BF70
:108FE000E40000200858002010B5F0EE400A054CBF
:108FF000054B93ED150A2046FFF7F0FB94ED080AA8
:1090000010BD00BF085800206050002008B5F2EEE7
:109010000E0AB0EE600A034A00210348FFF7C5FBC1
:1090200008BD00BFD80000207857002010B5F0EE32
:10903000400A054C054B93ED100A2046FFF7CEFB86
:1090400094ED080A10BD00BF785700206050002042
:1090500010B52DED028B2A4BB3F90030012B23D034
:10906000032B44D0274B93ED000AFFF79BFFB3EE91
:10907000048A20EE080A244B83ED000AFFF770FFF4
:10908000224C84ED0B0A224B93ED000AFFF7CEFF32
:1090900020EE080A1F4B83ED000AFFF7A5FF84EDC1
:1090A000190ABDEC028B10BD1B4BB3F9003007EE63
:1090B000903AF8EEE77A9FED197A67EE877A114BCE
:1090C000D3ED006A77EEA67AC3ED007A144BB3F9BC
:1090D000003007EE903AF8EEE77A67EE877A0C4BAD
:1090E00093ED007A77EE677AC3ED007ABAE7074B23
:1090F0009968044A11601A6C054B1A60B2E700BF08
:109100007C0D0020300C0020280C00206050002036
:109110002C0C0020240C0020840D0020ACC5273727
:10912000800D002000B58DB041F27070FCF721F881
:109130002F4CEC4604F1440EBEE80F00ACE80F00E3
:10914000BEE80F00ACE80F009EE807008CE80700BF
:1091500004F1380595E80E000120FEF78DF9EC4684
:1091600004F10C0EBEE80F00ACE80F00BEE80F00E3
:10917000ACE80F009EE807008CE8070094E80E00BA
:109180000120FEF779F96420FBF7F3FF0023636603
:10919000E362EC4604F1480EBEE80F00ACE80F00B5
:1091A000BEE80F00ACE80F009EE803008CE8030067
:1091B00095E80F00FEF7E0F8EC4604F1100EBEE86B
:1091C0000F00ACE80F00BEE80F00ACE80F009EE80F
:1091D00003008CE8030094E80F00FEF7CDF8FFF7DA
:1091E00037FFFFF761FE0120FBF7C3FFF7E700BF82
:1091F000605000202DE9F047089D0E4604460F46BA
:10920000002B4AD194468C45B2FA82F260D942B121
:10921000C2F12003974020FA03F30CFA02FC1F432B
:1092200094404FEA1C4E1FFA8CF6B7FBFEF1230C5C
:109230000EFB117743EA074301FB06F098420AD977
:109240001CEB030301F1FF3780F01581984240F2D7
:109250001281023963441B1AA4B2B3FBFEF00EFB69
:10926000103344EA034400FB06F6A6420AD91CEB7D
:10927000040400F1FF3380F00081A64240F2FD803B
:109280006444023840EA0140A41B00211DB1D440CF
:109290000023C5E90043BDE8F0878B4205D90DB135
:1092A000C5E9000100210846F5E7B3FA83F100297A
:1092B00046D1B34202D3824200F2F580841A66EBB3
:1092C000030201201746002DE5D0C5E90047E2E77B
:1092D000002A40F09380A1EB0C034FEA1C471FFAD1
:1092E0008CFE0121B3FBF7F607FB1630230C43EA93
:1092F00000430EFB06F0984208D91CEB030306F16D
:10930000FF3802D2984200F2D08046461B1AA4B21F
:10931000B3FBF7F007FB103344EA03440EFB00FEF7
:10932000A64508D91CEB040400F1FF3302D2A64580
:1093300000F2B6801846A4EB0E0440EA0640A5E70A
:10934000C1F120078B4022FA07FC4CEA030C06FA15
:1093500001FE20FA07F426FA07F344EA0E0400FAA5
:1093600001F84FEA1C404FEA1449B3FBF0FE1FFA24
:109370008CF600FB1E3349EA03430EFB06F99945C0
:1093800002FA01F20BD91CEB03030EF1FF3A80F055
:109390008580994540F28280AEF1020E6344A3EBD2
:1093A0000909A4B2B9FBF0F300FB139944EA09449C
:1093B00003FB06F6A64208D91CEB040403F1FF30B8
:1093C00068D2A64266D9023B644443EA0E40A41B1D
:1093D000A0FB02E6B4427346B14652D34FD05DB112
:1093E000B8EB030264EB090404FA07F722FA01F36D
:1093F0001F43CC40C5E9007400214CE7C2F12001B5
:1094000020FA01F30CFA02FC26FA01F196403343EC
:109410004FEA1C471FFA8CFEB1FBF7F007FB101652
:10942000190C41EA064100FB0EF68E4204FA02F4E2
:1094300008D91CEB010100F1FF382DD28E422BD947
:1094400002386144891B9BB2B1FBF7F607FB16118A
:1094500043EA014306FB0EF1994208D91CEB0303D2
:1094600006F1FF3814D2994212D9023E63445B1AC6
:1094700046EA004136E73946EDE6184602E7F04590
:10948000ADD2BEEB020366EB0C060138B146A6E78F
:109490004646ECE7034698E74046D3E7D6467EE7E4
:1094A0006444023847E708460DE7023E63442DE76F
:1094B000024A0349034800F0C9B800BF0801002070
:1094C0005DBD0008180100200C4B4168994210B5A1
:1094D000044601D002F042FCA168094B994202D037
:1094E000204602F03BFCE168064B994204D020463E
:1094F000BDE8104002F032BC10BD00BFA0580020F3
:1095000008590020705900202DE9F843314A324CA7
:109510003249DFF8DC90DFF8DC80314F1160002544
:1095200004232946082204F15C00C4E903352D4ECA
:10953000A560C4E90055C4E90555656600F00CF95D
:1095400004F15800C4E90749C4E90987E66200F05C
:109550000DFA2946244B6367082204F1C400C4E9CC
:109560001A55C4E91E552567C4F8CC50C4F880507C
:1095700000F0F2F804F1680304F1C000C4F884308C
:10958000C4E92298C4E9247600F0F0F9174BC4F836
:10959000DC30294604F596700822C4E93455C4E944
:1095A0003855C4F8D850C4F83451C4F8E85000F025
:1095B000D3F804F1D003C4E93D87C4F8F09004F572
:1095C0009470C4F8FC60C4F8EC30BDE8F84300F0D7
:1095D000CDB900BFD8590020A0580020B194000890
:1095E000F596000819970008090001001200020012
:1095F00091960008B596000810B504460A4800F098
:10960000B9F9636B23B9094B094A1B68626323B13B
:10961000BDE81040044800F0AFB9FFF775FFBDE8A2
:109620001040014800F0A8B9E8590020D85900209E
:10963000C9940008014800F09DB900BFE859002016
:10964000014800F099B900BFE85900202DE9F8431E
:109650000746884616464FF00009D6E90154013DF9
:1096600010D4A389012B08D9B4F90E300133214657
:10967000384602D0C04749EA0009013D6B1C04F19D
:109680006804EED13668002EE7D14846BDE8F8837D
:1096900010B50C46B1F90E1000F00EF9002803DBEE
:1096A000236D0344236510BDA38923F48053A38154
:1096B00010BD00BF2DE9F0410C46B1F90C101F465A
:1096C000CB05054616460BD421F48051A1813B46BB
:1096D000B4F90E1032462846BDE8F04100F002B958
:1096E000B4F90E100223002200F0D0F8B4F90C10E7
:1096F000EAE700BF10B50C46B1F90E1000F0C6F84D
:10970000B4F90C30421C0EBF23F4805343F4805351
:109710002065A38110BD00BFB1F90E1000F06EB836
:1097200070B59AB013460A4E0A466FF00041029196
:10973000059108490391044600253068199569464A
:109740000094049400F040FD009B1D701AB070BDA1
:10975000140100200802FFFF830730B547D0541ED4
:10976000002A3ED0CAB2034601E0013C39D303F8D7
:10977000012B9D07F9D1032C2CD9CDB205EB052582
:109780000F2C05EB054535D9A4F1100222F00F0C82
:1097900003F1100EE6444FEA121C1A46C2E90055C6
:1097A000C2E9025510327245F8D10CF1010214F0F1
:1097B0000C0F03EB021204F00F0C13D0ACF10403F6
:1097C00023F003030433134442F8045B9342FBD1B8
:1097D0000CF003042CB1C9B21C4403F8011BA342D2
:1097E000FBD130BD64461346002CF4D1F9E70346A3
:1097F0001446C0E71A46A446E0E700BF38B5074D57
:109800000022044608462A60F8F726F9431C00D0D7
:1098100038BD2B68002BFBD0236038BDDC590020FD
:10982000194B1B6883422ED0416C70B5054681B13F
:1098300000268C593CB121462468284600F00AF9DC
:10984000002CF8D1696C0436802EF2D1284600F045
:1098500001F9A96B11B1284600F0FCF82C6C34B169
:1098600021462468284600F0F5F8002CF8D1E96C70
:1098700011B1284600F0EEF86B6B1BB12846BDE82D
:109880007040184770BD70471401002038B50C4671
:10989000084D8446114620461A4600232B60644634
:1098A000F8F7E4F8431C00D038BD2B68002BFBD040
:1098B000236038BDDC59002038B50C46084D84467D
:1098C000114620461A4600232B606446F8F7A6F896
:1098D000431C00D038BD2B68002BFBD0236038BD63
:1098E000DC59002038B50C46084D84461146204608
:1098F0001A4600232B606446F8F7A0F8431C00D0FA
:1099000038BD2B68002BFBD0236038BDDC5900200C
:10991000014B1868704700BF1401002070B50F4B51
:109920000F4DAB42A3EB050607D0B610002455F847
:10993000043B01349847A642F9D807F07DFB094D56
:10994000094B5E1BAB424FEAA60606D0002455F831
:10995000043B01349847A642F9D870BD3819010874
:10996000381901083819010840190108704700BF6B
:10997000704700BF704700BF704700BF024B13B174
:10998000024800F005B870470000000049C0000818
:10999000002301461A46184602F0AABB2DE9F843F7
:1099A00006460820894602F063FBDFF8A4800546DE
:1099B000304600F0FDFBD8F808305F6827F0030759
:1099C000A7F11104A4EB09042C44B4FBF5F4013C09
:1099D00005FB04F4A54208DC0021304602F022FB1E
:1099E000D8F808303B44984205D0304600F0E6FBFA
:1099F0000020BDE8F8836142304602F013FB0130DD
:109A00000FD0114AD8F808303F1B47F001075F60BC
:109A1000136830461B1B136000F0D0FB0120BDE82B
:109A2000F8830021304602F0FDFAD8F80820831AA6
:109A30000F2BDADD43F001035360044B02491B682E
:109A4000C01A0860D1E700BFF05900205C02002076
:109A50006802002000297CD02DE9F0410C468046A8
:109A600000F0A6FB54F8043C754FA4F1080523F060
:109A700001016818BE684268864222F0030200F0C5
:109A80008380DE07426000EB020C33D454F8084CAC
:109A9000DCF804302D1B2144AC6807F1080C644548
:109AA00003F0010364D0D5F80CE0C4F80CE0CEF864
:109AB0000840002B00F0818041F001036B600160E1
:109AC000B1F5007F22D27868CB0801224909013321
:109AD0008A40024357F833107A6007EBC302083A12
:109AE000C5E9021247F83350CD604046BDE8F04169
:109AF00000F064BBDCF80430DB072BD541F0010338
:109B0000B1F5007F44F8043C0160DCD3B1F5206F6F
:109B10004FEA512353D28B0903F1390003F1380284
:109B2000C300F818FB580838984203D161E09B68DD
:109B3000984204D05A6822F003028A42F7D8D868C3
:109B4000C5E902308560DD604046BDE8F04100F0C7
:109B500035BB7047114407F1080C836863453FD05B
:109B6000C268DA60936041F001036B606950A7E757
:109B7000002B5FD10A44D0E90213CB60996042F018
:109B800001036B60AA50B0E7DB070A4407D454F81E
:109B9000083CED1A1A44D5E90213CB60996042F0F3
:109BA00001036B60274BBD601B6893429DD8264B19
:109BB00040461968FFF7F2FE97E71144CDE7142BF2
:109BC00008D9542B1DD80B0B03F16F0003F16E0263
:109BD000C300A6E703F15C0003F15B02C300A0E74A
:109BE00041F00103C7E90455C5E902CC6B60695037
:109BF0007BE779689210012404FA02F20A437A6042
:109C00009EE7B3F5AA7F06D8CB0B03F1780003F1EA
:109C10007702C30085E740F25452934206D88B0C7A
:109C200003F17D0003F17C02C3007AE74FF47E73F9
:109C30007E2276E741F001036B60016055E700BFCB
:109C40006802002060020020205A00202DE9F04F19
:109C500001F10B05162D83B0064623D8102900F21A
:109C6000AF8000F0A5FA102518230220B74F3B441F
:109C7000A3F108025C68944200F01E816368E26808
:109C8000A16823F00303CA602344304691605A68F8
:109C900042F001025A6000F091FA0834204603B005
:109CA000BDE8F08F35F0070500F18A80A94200F287
:109CB000878000F07DFAB5F5FC7FC0F06E816B0AFD
:109CC00000F08280042B00F21D81AB0903F1390002
:109CD00003F1380EC3009D4F3B44A3F1080C5C68B0
:109CE000A44507D10DE0002AE16880F2DF808C45B1
:109CF00007D00C46636823F003035A1B0F2AF2DDDA
:109D00007046DFF860823C69444500F0BC806368BF
:109D100023F0030CACEB05030F2B00F34281002B67
:109D2000C7E9048880F22D81BCF5007FD7F804E0F4
:109D300080F0C8804FEADC0101314FEA5C1C01234E
:109D400003FA0CF357F83120A2604EEA030E07EB3A
:109D5000C103083BE360C7F804E047F83140D46032
:109D600083104FF0010C0CFA03FCF44532D81CEAC6
:109D70000E0F08D120F003004FEA4C0C1CEA0E0F26
:109D800000F10400F8D007EBC00AD6468146DEF8A1
:109D90000C300BE0596821F003014A1B0F2A1C46C6
:109DA000DB6800F3BB80002A80F2DE809E45F1D1A3
:109DB00009F1010919F0030F0EF1080EE7D119E1BD
:109DC0000C233360002469E74FF4007340204FF008
:109DD0003F0E80E7BC68636823F00309A94503D3FD
:109DE000A9EB05030F2B51DC594B1B68082003F12D
:109DF000100804EB0903009302F03AF9554A13687E
:109E00000133A844834605D008F1FF38804443421B
:109E100003EA08084146304602F004F9B0F1FF3F7A
:109E20004C4A824600F0D880009B834200F2D280E8
:109E3000494B186840440BF1FF311860844640F0EC
:109E4000FC801AEA010F40F0F880D7F808A0C84457
:109E500048F00102CAF80420404B1968814238BF1B
:109E600018603F4B1968814238BF1860544622F091
:109E70000308A845A8EB050301D30F2B06DC3046E9
:109E800000F09CF99EE7D7F804E069E7621943F017
:109E9000010345F0010565603046BA60536000F08B
:109EA0008DF90834204603B0BDE8F08FA268234442
:109EB000D16030468A60EAE6DC68A3427FF4DEAE19
:109EC00002301EE7BCF5206F4FEA5C227BD3142AD8
:109ED00000F2128102F15C03DB005B32F918FB58DF
:109EE0000839994203D1ECE09B68994204D05A6842
:109EF00022F003026245F7D8D968C4E902318C60C8
:109F0000DC602DE7142B6AD9542B00F2FE802B0B5A
:109F100003F16F0003F16E0EC300DCE6D4F808C055
:109F20003046661945F001056560CCF80C30C3F881
:109F300008C042F00103C7E90466C6E902887360FD
:109F4000625000F03BF90834A8E600BF6802002028
:109F5000205A00205C020020F05900201C5A0020EA
:109F6000185A002070020020214430464A6842F00E
:109F700001024A6054F8082FD3609A6000F01EF97D
:109F80008CE6A4443046DCF8043043F00103CCF8FE
:109F9000043000F013F9083480E6E80805F10803FE
:109FA00064E6621943F0010145F001056560304641
:109FB000C7E90422C2E90288516044F80C3000F07D
:109FC000FDF808346AE64FEA9C1202F13903DB001F
:109FD000383283E7BC4228D0BC68626847E703F1A7
:109FE0005C0003F15B0EC30075E65AF8083953456F
:109FF00040F0D98010F0030F00F1FF30F5D17B68FD
:10A0000023EA0C037B604FEA4C0C9C453FF6E2AE22
:10A01000BCF1000F04D1DDE64FEA4C0C09F1040954
:10A020001CEA030FF8D04846ADE6604B186808EB11
:10A03000000C0BF1FF31C3F800C0106801306ED086
:10A04000009AAAEB020262441A601AF00702CDE9F4
:10A05000002340D0C2F108029244D04408EA010033
:10A060005A44121A02EA010B5946304601F0DAFF4F
:10A07000421C019B6FD0A0EB0A0000EB0B08186894
:10A08000C7F808A048F001025844BC42CAF80420AE
:10A0900018603FF4E1AEB9F10F0F43D96168A9F13F
:10A0A0000C0222F0070201F00101114361604FF040
:10A0B000050CA1180F2AC1E901CC54D8DAF8042004
:10A0C000CAE692104FF0010C0CFA02F24EEA020EB0
:10A0D000C7F804E011E70AEB08020A40ABEB020202
:10A0E00002EA010B5946304601F09CFF431C019BDC
:10A0F000C1D1DDF800B0C2E7542A17D84FEA1C32AC
:10A1000002F16F03DB006E32E8E6B3F5AA7F17D8E1
:10A11000EB0B03F1780003F1770EC300DBE5C2F827
:10A1200000A092E70123CAF80430A8E6B2F5AA7F9E
:10A1300024D84FEADC3202F17803DB007732CDE637
:10A1400040F25452934224D8AB0C03F17D0003F14A
:10A150007C0EC300BFE5009A083A9044A8EB0A08B9
:10A160004FF0000B8BE7304604F108010093FFF736
:10A1700071FC009BD7F808A018689FE740F2545381
:10A180009A420CD84FEA9C4202F17D03DB007C32FC
:10A19000A4E64FF47E737F204FF07E0E9BE54FF4D4
:10A1A0007E737E229AE67B682DE700BFF05900207F
:10A1B0000148FFF7DFBB00BFE05900200148FFF76F
:10A1C000DBBB00BFE05900202DE9F04FD9B00C46B1
:10A1D000099115460B93834601F020FF03681693FF
:10A1E0001846F6F70DFB00211490082228A8FFF767
:10A1F000B3FAA389190603D52369002B00F05E8703
:10A200009FED7F7B0023CDE92D33CDE917338DED15
:10A21000107B2FAA0E932C92144615931C9319931E
:10A2200006932E46B246784BD3F8E45001F0F0FE88
:10A2300028AA0346009224A952465846A847002857
:10A2400000F0B180C0F2A780249A252A034601D0ED
:10A250009A44E8E7BAEB0607054640F0A8800023D9
:10A2600019464FF0FF328DF8873007930AF1010A43
:10A270009AF80030059204910AF1010AA3F1200234
:10A280005A2A00F2C380DFE812F0F402C100C100D4
:10A29000ED02C100C100C1006A00C100C1003F025F
:10A2A0005102C1004A020603C100FF025B005B00CD
:10A2B0005B005B005B005B005B005B005B00C10060
:10A2C000C100C100C100C100C100C1003B01C1000B
:10A2D000BE01D3023B013B013B01C100C100C100F3
:10A2E000C100CC02C100C1008802C100C100C10090
:10A2F000E801C1005702C100C100B206C100C1009F
:10A30000C100C100C100C100C100C1003B01C100CA
:10A31000BE011A023B013B013B01A0021A027F0071
:10A32000C100C202C100B302D80622037F00C100EF
:10A33000E8017C00AE06C100C100DB06C1007C0064
:10A34000A3F1300200211AF8013B01EB810102EB7D
:10A350004101A3F13002092AF5D907918EE7584649
:10A3600001F05CFE436819931846F6F749FA1C9011
:10A370000546584601F052FE83681793002D40F0C1
:10A38000B7859AF8003077E7049B43F020030493E5
:10A390009AF8003070E70822002128A8FFF7DCF9BE
:10A3A00001239A443FE7BAEB0607054610D02E9BDF
:10A3B0003B442E932D9B0133072BC4E900672D935B
:10A3C00015DC0834069B3B440693002D7FF447AF11
:10A3D0002E9B002B41F09381099B9B8903F0400346
:10A3E000002B41F09283069859B0BDE8F08F09998F
:10A3F0002CAA584601F086FC0028EDD12FACE1E7ED
:10A400000000000000000000700600200C93002BEC
:10A41000DED000228DF8FC3001238DF887200293D6
:10A420000A920893059212920F920D923FAE049BEE
:10A4300013F0020302D002990231029104992E9D79
:10A4400011F0840805D1079902980F1A002F00F324
:10A45000A1806AB1012262602D9A013201350DF1AD
:10A460008701072A2E952D92216000F3DB830834A3
:10A470006BB12D9B22AA013302352260072B4FF0CE
:10A4800002022E952D93626000F3C1830834B8F167
:10A49000800F00F0C482059B089A9F1A002F00F3DA
:10A4A000FE82049BDA0500F12482089B63601D4450
:10A4B0002D9B26600133072B2E952D9300F33F83B0
:10A4C0000834049B5A0705D5079B029A9E1A002E52
:10A4D00000F3B583DDE9063202998A42ACBF9B18CE
:10A4E0005B180693002D40F00B8300232D930A9BED
:10A4F0001BB10A995846FFF7ADFA2FAC564691E6C4
:10A500000C930B9B073323F00703B3EC027B58EC4F
:10A51000177B0B9328F000431B938DED1A7ADDE92E
:10A520001A01AF4B4FF0FF328DED107BF6F76EFC4A
:10A53000002840F00285DDE91A01A94B4FF0FF32F7
:10A54000F6F746FC002840F0F88400220023384645
:10A550004146F6F733FC002841F021809DF8872022
:10A56000049BA04E23F0800304939F4B0C99472932
:10A57000D8BF1E46002303210A9302910891059338
:10A5800012930F930D93002A3FF451AF029B0133B6
:10A5900002934CE795492D9A1391102F25DD214602
:10A5A0002846099C914D1D934FF0100904E0103F7F
:10A5B000102F01F1080115DD01321030072AC1E921
:10A5C0000059CDE92D20F2DD2CAA2146584601F094
:10A5D00099FB002840F09C82103F102FDDE92D20D0
:10A5E0002FA9E9DC1D9B0C46054601321399216019
:10A5F0003D44072ACDE92D25676000F3D4869DF8F8
:10A600008720083425E70B9A0C93432B02F10405AD
:10A6100003D0049BDA0640F11785082200212AA8FE
:10A62000FFF79AF80B9B3FAE1A6831462AAB5846A3
:10A6300003F060F903460133089001F06182089B42
:10A6400023EAE373029300220B958DF887200A9288
:10A65000059212920F920D92E9E60B9F0C9357F818
:10A66000046B00238DF88730002E00F016850C9BBC
:10A67000532B00F0BF86049B13F010030D9340F0A2
:10A68000B986059B002BC1F245800D991A463046CC
:10A69000F6F756F80A90002801F066820A9B991B8B
:10A6A0000D9B0891059321EAE17112930F930A9390
:10A6B00073239DF887200B9702910C9363E70C930B
:10A6C000049B9B0640F1BD800B9B073323F00703DF
:10A6D0001A46596852F8083B0B920A460029C0F204
:10A6E000CA8305990029C0F28382049921F080056C
:10A6F00053EA020140F07D82059A002A40F07E82F2
:10A700000495089258AE60E10B9B53F8042B079216
:10A71000002A80F2DA83079A0B9352420792049B35
:10A7200043F0040304939AF80030A5E52B238DF839
:10A7300087309AF800309FE50C93049B43F0100596
:10A7400015F0200200F072830B9B073323F0070300
:10A7500019465A6851F8083B0B9101210020059ECB
:10A760008DF88700002EC0F2198125F0800004903A
:10A7700053EA020040F01181002E40F024860029A7
:10A7800040F0808315F00103089300F0A383302389
:10A790008DF85F310DF25F1617E10C93049B43F0C7
:10A7A00010030493049B13F0200200F055830B9BCD
:10A7B000073323F0070319465A6851F8083B0B91F9
:10A7C000049921F480650021C8E79AF80030682BCD
:10A7D00000F04E84049A42F0400204924CE500BF1F
:10A7E000FFFFEF7FE0120108DC120108DC14010812
:10A7F000049B9D0640F190830B9B069A1B681A6090
:10A80000D2175A600B9B04330B9356460AE59AF80D
:10A8100000306C2B00F02284049A42F01002049263
:10A820002AE5049B43F0080304939AF8003023E5DB
:10A830000C93049B43F010030493049B9B063FF589
:10A8400043AF04990B9ACF0652F8043B00F14B83B7
:10A8500004994E0640F143860B9243F3C0321146F1
:10A860001BB23BE7049B43F0010304939AF80030CA
:10A8700002E59DF887209AF80030002A7FF4FCACAE
:10A8800020228DF88720F7E4049B43F08003049393
:10A890009AF80030F0E4504610F8013B2A2B01F002
:10A8A000E581A3F13002092A98BF002101F2E4807A
:10A8B00010F8013B01EB810102EB4101A3F13002F1
:10A8C000092AF5D941EAE17205928246D6E40B9A4B
:10A8D000049B43F0020552F8043B0B9247F630020A
:10A8E000ADF8882078209B4A1592022100220C9016
:10A8F00034E70C9B652B40F33381DDE91001002226
:10A900000023F6F751FA002800F0D2812D9B924ADD
:10A910002260013301350122072B2E952D936260B1
:10A9200000F35C850834239B0E9A934280F2C88220
:10A93000149B169A1D44C4E900232D9B2E950133C8
:10A94000072B2D9300F39E8308340E9B5E1E002E72
:10A950007FF7B7AD102E2D9BDFF8009240F3E58016
:10A96000DDF82480102704E00834103E102E40F358
:10A97000DC8001331035072BC4E90097CDE92D3574
:10A98000F2DD2CAA4146584601F0BCF9002840F0FF
:10A99000BF80DDE92D352FACE7E7049D012900F0EC
:10A9A0002881022958AE1FD1159803F00F011B0909
:10A9B000415C06F8011D43EA0273120953EA0201E1
:10A9C000F3D158AB9B1B04950893059908989DF803
:10A9D000872081424FF00003B8BF01460A930291DD
:10A9E00012930F930D93CEE503F00701DB0843EAC2
:10A9F0004273D208303153EA0207304606F8011D8F
:10AA0000F2D1EF07DDD53029DBD03023023806F84C
:10AA1000013C58AB1B1A049508930646D5E7079BE3
:10AA2000029A9F1A002F7FF736AD102F2D9BDFF86B
:10AA30002C9122DD2A464FF010084D46DDF8249077
:10AA400004E0103F102F04F1080414DD013310322C
:10AA5000072BC4E90058CDE92D32F2DD2CAA494676
:10AA6000584601F04FF9002852D1103F102FDDE970
:10AA70002D322FACEADCA946154601333D44072BA5
:10AA8000CDE92D35C4F80090676000F3DB84059BA9
:10AA9000089A9F1A002F04F108047FF702AD102FC7
:10AAA0002D9BDFF8B8901FDD2A464FF01008099D56
:10AAB00004E0103F102F04F1080414DD013327498E
:10AAC0001032072BC4E90018CDE92D32F1DD2CAA94
:10AAD0002946584601F016F9D0B9103F102FDDE98C
:10AAE0002D322FACEADC154601333D44072BCDE96E
:10AAF0002D35C4F80090676000F38C810834D0E4F1
:10AB000009992CAA584601F0FDF800283FF4EDAC55
:10AB10000A9B002B3FF460AC0A995846FEF79AFF57
:10AB2000099B9B8903F040035AE401333544072B0A
:10AB3000C4F800906660CDE92D357FF7C1AC099966
:10AB40002CAA584601F0DEF80028E1D12E9D2FAC4A
:10AB5000B7E400BFEC1201081C130108CC14010873
:10AB60000E9B2D9F012B05F1010507F1010704F153
:10AB7000080840F30B810123072FCDE92D752660CE
:10AB8000636000F38381149B169A01371D44072FDD
:10AB9000C8E90023CDE92D7500F3858108F1080887
:10ABA0000E9BDDE910015C1E00220023F6F7FCF885
:10ABB000002840F00481013701362544072FCDE9F4
:10ABC0002D75C8F80060C8F8044000F3EB8008F168
:10ABD0000808189BC8F8043001371D44072F26AB1E
:10ABE000CDE92D75C8F80030A9DC08F1080468E447
:10ABF000049D0A2B72F1000180F05E8330338DF8E2
:10AC00005F310123049508930DF25F16DDE6099983
:10AC10002CAA584601F076F800287FF479AF2E9DD3
:10AC20002FAC34E4099913932CAA584601F06AF822
:10AC300000287FF46DAF2E9D139B2FAC18E4B44A0F
:10AC40002D9B1392102E1FDDDDF8248010279146D6
:10AC500004E0103E102E04F1080415DD0133103518
:10AC6000072BC4E90097CDE92D35F2DD2CAA41462A
:10AC7000584601F047F800287FF44AAF103E102EE6
:10AC8000DDE92D352FACE9DC0133139A3544072B70
:10AC9000C4E90026CDE92D357FF71CAC09992CAA13
:10ACA000584601F02FF800287FF432AF2E9D11E4B2
:10ACB0002399002940F35183DDE90D329342A8BF67
:10ACC0001346002B98460ADD1D44C4E900632D9B02
:10ACD0002E950133072B2D9300F3618608340D9FC9
:10ACE000B8F1000FA8BFA7EB0807002F00F3F5810C
:10ACF0000D9B33440593049B5F0500F11582239B54
:10AD00000E9A9342C0F2A082049AD00700F19C826E
:10AD10000E9AB718D61A059BFF1AB742A8BF374636
:10AD2000002F0ADD23602D9B676001333D44072B14
:10AD30002E952D9300F365860834002FA8BFF61BCF
:10AD4000002E7FF7BEAB102E2D9BDFF8C8917FF74A
:10AD5000ECAEDDF82480102704E00834103E102EFD
:10AD60007FF7E3AE01331035072BC4E90097CDE937
:10AD70002D35F2DD2CAA4146584600F0C3FF0028CD
:10AD80007FF4C6AEDDE92D352FACE7E7049BD9078C
:10AD90003FF5F1AE0123072FCDE92D7526606360E5
:10ADA0007FF717AF09992CAA584600F0ABFF00288F
:10ADB0007FF4AEAEDDE92D750DF1BC0809E70E9B01
:10ADC000012B7FF706AF112BDFF8489140F35C832E
:10ADD000CDF814A01026CA46DDF8249005E008F14D
:10ADE0000808103C102C40F34C8301371035072F16
:10ADF000C8E900A6CDE92D75F1DD2CAA49465846D3
:10AE000000F080FF00287FF483AEDDE92D750DF1A1
:10AE1000BC08E6E709992CAA584600F073FF002801
:10AE20007FF476AE2E9D2FACFFF73BBB0B9915F050
:10AE3000100051F8043B0CD115F0400604D00B91E2
:10AE40009BB20246012189E415F400721CBFDBB2FB
:10AE500032460B91012181E404980B9910F0100007
:10AE600051F8043B3DD1049A12F0400534D09BB216
:10AE700002460B91A4E45B42049D62EB42022D204A
:10AE800001216CE4059B089358AE9EE509992CAA14
:10AE9000584600F037FF00287FF43AAEDDE92D7503
:10AEA0000DF1BC086FE609992CAA584600F02AFF5C
:10AEB00000287FF42DAEDDE92D750DF1BC086FE69D
:10AEC000049BDB077FF5FDAA32E50B939AF800306F
:10AED000FFF7D2B958AE78E5049A12F4007240F048
:10AEE00009840B916CE40B92DA171146FFF7F6BB5D
:10AEF000179A9AF80030002A3FF4BEA91278002A67
:10AF00003FF4BAA9049A42F480620492FFF7B4B9FC
:10AF1000DC140108CC140108049BD80600F1AB82B4
:10AF2000049B590600F1E083049B9A0540F1A3823B
:10AF30000B9B069A1B681A7064E4DDE91001024657
:10AF40000B46F5F763FF002840F01E860C9B612B33
:10AF500000F03185412B00F04E85059B013300F058
:10AF600002840C9B23F02003472B00F0E1850A901C
:10AF7000DDE91001049A002942F48079C0F2F984D5
:10AF80009DED107B8DED1E7B002313930C9B413BAD
:10AF9000252B00F22583DFE813F029042303230384
:10AFA0002303EA03B5042303230323032303230317
:10AFB0002303230323032303230323032303230361
:10AFC0002303230323032303230323032303230351
:10AFD000230323032303230323032904230323033A
:10AFE0002303EA03B504049D0C93FFF7A9BB0C935C
:10AFF000AD4B1593049B13F0200200F033810B9BA3
:10B00000073323F0070319465A6851F8083B0B91A0
:10B010000498C1070BD553EA020108D00C998DF8AA
:10B02000891040F00201049130218DF888100499B4
:10B0300021F480650221FFF791BB0C93FFF7B2BBAF
:10B040000C939A4B1593D5E70B9B1B688DF8FC303E
:10B050000123029308933FAEFFF7F5BA049B43F038
:10B06000200304930AF1010A9AF80030FFF704B9AB
:10B07000049B43F4007304930AF1010A9AF8003028
:10B08000FFF7FAB809992CAA584600F03BFE0028B1
:10B090007FF43EAD2E9D2FAC57E4059B0A96062B00
:10B0A000314628BF0623059632460293804E0B9701
:10B0B000089312910F910D91FFF765BA4021584600
:10B0C000FEF7C4FD099B18601861002800F0038694
:10B0D000099A40235361FFF793B8102F2D9BDFF897
:10B0E000D49140F30B8249462A46B146099D4FF060
:10B0F00010080E4604E00834103F102F40F3FA8188
:10B1000001331032072BC4E90068CDE92D32F2DD9E
:10B110002CAA2946584600F0F5FD00287FF4F8AC2B
:10B12000DDE92D322FACE7E70E9BCDF830A006EB22
:10B1300003090F9BDDF85CA0DDF848800D96002B1D
:10B1400022462946059C099DCDF81490DDF87090A3
:10B1500031DDB8F1000F40F33B8108F1FF382D9845
:10B16000199B013049440728C2E900392E912D90DE
:10B1700000F387800832059B9AF800001F1B874266
:10B18000A8BF0746002F0CDD2D9801303944072851
:10B19000C2E900472E912D9000F360819AF80000DB
:10B1A0000832002FACBFC61B0646002E16DC044436
:10B1B0000F9B002BCDDCB8F1000FCEDCDDE90D6379
:10B1C0002046F31898421446024628BF1A46CDF886
:10B1D0005CA00D46DDF830A0059290E5102E2D986C
:10B1E000344B23DD0894102734461E4604E0103CFF
:10B1F000102C02F1080216DD01302E4B1031072809
:10B20000C2E90037CDE92D01F1DD2CAA29465846C7
:10B2100000F078FD00287FF47BAC103C102CDDE9B9
:10B220002D012FAAE8DC33462646089C1360013026
:10B2300031440728CDE92D01566000F3A2839AF826
:10B24000000008320444B3E7149A16991544C4E97F
:10B2500000122D9A2E950132072A2D9200F3BE83FB
:10B26000083455E504980B9910F0100051F8043B90
:10B2700017D1049A12F040050ED09BB202460B91F2
:10B28000C6E62CAA2946584600F03CFD00287FF46B
:10B290003FAC2E992FAA6EE7049A12F4007240F088
:10B2A0001F820B91B4E600BF00130108EC120108E5
:10B2B00014130108CC14010800210894DFF81C9332
:10B2C000179CCDF810A005F4806758AE4FF0050824
:10B2D00002958C4605E00A2B72F1000234D35346E6
:10B2E0002A46991841F10001A9FB010525F0030048
:10B2F00000EB9500091A581A4FF0CC3562F1000E98
:10B3000005FB00F5A0FB09A009FB0E550AF0010E94
:10B310000544AEFB080E40184FEA5A0A303006F8D2
:10B32000010C4AEAC57A0CF1010C013E6D08002FB0
:10B33000D1D021788C45CED1BCF1FF0FCBD00A2BD8
:10B3400072F1000280F0E7801794DDF810A0029DF2
:10B35000089CCDF838C0FFF734BB2D9B9E4A226075
:10B36000013301350122072B2E952D93626000F3E6
:10B370001B810834002940F09380049B0E9A03F04F
:10B38000010313433FF49DA8149B169A1D44C4E97E
:10B3900000232D9B2E950133072B2D9300F3D6818F
:10B3A00004F108028DE0099913932CAA584600F085
:10B3B000A9FC00287FF4ACAB9DF887202E9D139B41
:10B3C0002FACFFF746B80129049D7FF4EAAA15E4E3
:10B3D0000F9B013B0AF1FF3A0F93C0E609992CAA93
:10B3E000584600F08FFC00287FF492AB2E9D2FACC6
:10B3F000FFF799BA0DF1A8080822002140462596CA
:10B40000FEF7AAF9059B002BC0F292800025029757
:10B4100099462F460EE03FA9584602F06BFA431CAE
:10B42000384400F08F83484509DC05F1040500F03D
:10B43000BD830746259A52594346002AEBD1089707
:10B44000029F83E009992CAA584600F05BFC002873
:10B450007FF45EAB2E9D2FACFFF71DB82CAA2946BA
:10B46000584600F04FFC00287FF452AB9AF80000D9
:10B470002E992FAA95E60B9B069A1B681A60FFF778
:10B48000C1B9D146DDF814A0C8F8009001372544B1
:10B49000072FCDE92D75C8F804407FF798AB81E4FC
:10B4A000149B169A1D44C4E900232D9B2E9501334D
:10B4B000072B2D9300F34A8104F108020029C0F202
:10B4C000E0820E99166001330D44072BCDE92D352E
:10B4D00051603FF734AB02F10804FEF7F2BF049964
:10B4E0000B928D054ABF43F3C012DA175BB21146C7
:10B4F000FFF7F4B8154632464E46914601333D44B7
:10B50000072BCDE92D35C4F80090676000F3128158
:10B510000834FFF7EDBB1C9B1999F61A1A46304602
:10B5200000F042FD637803B101344FF0000CD6E621
:10B5300000231946CDF8008025AA584602F000FAEB
:10B5400003460133089000F0FD822596089B002BEE
:10B5500036D0632B00F3E48000230A933FAE082229
:10B5600000214046FEF7F8F8089DCDF800802B46F4
:10B5700025AA3146584602F0E3F9854240F0A583FA
:10B5800008990B970023735421EAE1719DF88720F5
:10B590000593029112930F930D93FEF7F4BF2D22A2
:10B5A0008DF88720FEF7DCBF09992CAA584600F0D9
:10B5B000A9FB00287FF4ACAA23992E9D2FACD9E6D5
:10B5C000089B9DF887200B970293059312930F9386
:10B5D0000D930A93FEF7D7BF1C130108CDCCCCCC3A
:10B5E0002AAB019325AB0093022123AB9DED1E0BEB
:10B5F000059A584600F054FE049BD907064600F110
:10B60000FC812A9B1B1A0E93239B0D930D9BDA1C26
:10B6100003DB059A9A4280F28B810C9B023B0C93D0
:10B620000D9B013B9DF8302023930021002BB8BFD8
:10B630000D9B8DF89820BABFC3F101032D222B2258
:10B64000092B8DF8992040F365820DF1AF05B34FBA
:10B650002A461046A7FB0312D20802EB8201A3EB95
:10B660004101303100F8011C19466329134600F1ED
:10B67000FF32EEDC303302F8013C831EAB4280F037
:10B6800021830DF1990213F8011B02F8011FAB424F
:10B69000F9D158AB181AA0F1AD0318930E9B189A64
:10B6A000012B1A44089240F35882089B149A1344C1
:10B6B0000893049B089A23F4806343F480730493F3
:10B6C00022EAE2720023129302920F930D93139BCE
:10B6D000002B40F01B819DF887200593FEF753BF98
:10B6E000DBB22A460B9193E40B9B069A1B681A80E7
:10B6F000FFF788B8DBB22A460B91FFF761B8099CC7
:10B700002CAA2146584600F0FDFAA38903F0400315
:10B71000FEF766BE3046F5F773F80146FEF7C0BF88
:10B72000591C5846FEF792FA0646002800F0DB82C4
:10B730000A9014E709992CAA584600F0E3FA002869
:10B740007FF4E6A92E9D2FACFFF7D2BA09992CAA57
:10B75000584600F0D7FA00287FF4DAA9DDE92D3544
:10B7600023992FAAAAE606230A90059300E4059BD5
:10B77000022103F101082AAB019325AB00939DED53
:10B780001E0B23AB4246584600F08AFD0C9B23F06B
:10B790002007462F064600EB080518BF452705D1B0
:10B7A0003378302B00F03C81239B1D44DDE91E01E2
:10B7B00000220023F5F7F8FA002840F059812A9B6F
:10B7C000AB4206D230215A1C2A9219702A9B9D4204
:10B7D000F9D8239A0D929B1B472F0E933FF416AF77
:10B7E000462F00F02B810D9B013B1BE723A89DED0D
:10B7F0001E0B00F04BFC00224FF07F5351EC100B5E
:10B80000F5F76AF802460B46CDE902230022002331
:10B81000F5F7CAFA08B101232393059B404A0C9817
:10B82000CDF820A0591E3F4B0D96612808BF1A463F
:10B830003746A0460592DDE902458A46164609E0EC
:10B84000002200230AF1FF39F5F7AEFA002840F094
:10B85000BB81CA46344B002220462946F5F73CF806
:10B860000D460446F5F7E8FA8146F4F7FBFD02467B
:10B870000B4620462946F4F7A7FC16F80930BAF122
:10B88000FF3F3A46044607F8013B0D46D8D1CDE9C3
:10B890000245264BDDF820A00D9E4446904600222E
:10B8A0004D46F5F7A9FA002800F0FF81059BCDF879
:10B8B000A880D97B17F8012C91423B4609D1302052
:10B8C00003F8010C2A9B5A1E2A9213F8012C91426C
:10B8D000F6D0392A0BBF059A0132927AD2B203F818
:10B8E000012C3B469B1B0C9A0E93239B0D93612AC4
:10B8F00003F1FF33239300F0B381412150220C91D7
:10B90000012193E6DDF81480032134E72D22002382
:10B910008DF887200593FEF739BE00BFCDCCCCCC87
:10B9200000130108EC120108000030400000E03F65
:10B93000DDE90D23934200F3C480049B13F0010F53
:10B940000D9B00F00F81149A13440893049B5F052C
:10B9500003D50D9B002B00F34781089B23EAE3737B
:10B96000029367230C930023CDF8109012930F934A
:10B97000ADE601F100431F932D231E901393FFF7B3
:10B9800005BB2CAA2946584600F0BCF900287FF4D4
:10B99000BFA89AF800002E992FAA044408E4099938
:10B9A0002CAA584600F0AEF900287FF4B1A82E9DCD
:10B9B0002FACFFF794B978238DF88930049B43F0BE
:10B9C0000203049330238DF88830059B632B00F32A
:10B9D0008E8000230A933FAEFFF7CABA09992CAABA
:10B9E000584600F08FF900287FF492A8239B2E9DE3
:10B9F0002FACFFF78DB95823DEE7059B4727C51805
:10BA0000D4E609992CAA584600F07CF900287FF466
:10BA10007FA8239E0E9B2E9D9E1B2FACFFF78DB9FA
:10BA2000DDE91E0100220023F5F7BEF9002800F031
:10BA30001981239B0D931D44AB1B0E93049B0D9901
:10BA4000059A03F00103002943EA020340F31A8137
:10BA5000002B40F0F2800D9B089366230C93049B0F
:10BA60005B0500F1C380089B23EAE37302937AE746
:10BA7000239A0D922B46AEE6002282460592FEF7EF
:10BA8000FDBB4F421031DFF87892B8BF102404DBC1
:10BA900021E00832103F102F1DDD01331035072B38
:10BAA000C2E90094CDE92D35F3DD09992CAA584659
:10BAB00000F028F900287FF42BA8DDE92D352FAA06
:10BAC000E8E70E9B149A9A180D9B0892002B71DDE3
:10BAD00067230C93C3E701333D44072BCDE92D3594
:10BAE000C2F80090576000F3AF800832E9E4591CB7
:10BAF0005846FEF7ABF8064610B10A90FFF738BA81
:10BB0000099A938943F0400393814FF0FF330693E2
:10BB1000FEF769BC002934D130228DF89A200DF14E
:10BB20009B02303302F8013B26ABD31A1893B5E5DC
:10BB3000059B002B7FF41BAA059B0A930123059309
:10BB4000FFF716BA099BB3F90C3000220A9243F0B2
:10BB50004003099A9381FEF7DBBF049BDB077FF567
:10BB6000A8ADA2E50893F1E6059B02930893732321
:10BB70009DF887200B97059012900F900C93FEF77D
:10BB800002BD0DF19A02CCE7119B5A4E002B049B8B
:10BB9000A8BF9DF8872023F08003B8BF2D2204930F
:10BBA000B8BF8DF88720544BFEF7E0BC059B029F81
:10BBB0000893CBE4C3F101031A4422EAE27302932F
:10BBC000672308920C93CEE651460029DDF820A0A9
:10BBD0000D9E4446FFF685AE4B1C3B44302207F8D1
:10BBE000012B9F42FBD17DE667230C9317990B78BD
:10BBF000FF2B74D000250D9A284603E00130013157
:10BC0000FF2B08D0934206DAD21A4B78002BF5D1DD
:10BC10000B780135F4E717910D920F901295129A57
:10BC20000F9B1C99CDF810901344089A01FB032335
:10BC3000089323EAE373029349E5149B1A445318CB
:10BC4000089366230C930AE709992CAA584600F03A
:10BC500059F800287EF45CAFDDE92D352FAA30E4D9
:10BC600070224DE6C8F1010323939EE50B9A9AF8E2
:10BC7000013052F8041B0B9241EAE17182460591B2
:10BC8000FEF7FABA2BB90123662202930C920893AD
:10BC900069E6149B03F10108059B4344089323EADA
:10BCA000E373029366230C935DE6DDE90201134B17
:10BCB0000022F5F779F800283FF413AEE8077FF586
:10BCC00010AEF3E502231893E8E4099BB3F90C30B6
:10BCD00043F040033DE70C23CBF8003015E7002389
:10BCE00012930F939BE7099B0A90B3F90C3043F032
:10BCF00040032EE7E8120108E41201080000E03FCB
:10BD0000CC1401082DE9F843154692682C68FAB165
:10BD100080468946083401E00834CFB16B68591E6B
:10BD2000002B1746696013DD54F8046C002EF3D025
:10BD3000334654F8082C4946404601F00DFE431C9A
:10BD400007D0AA68921B1746AA600834002FE5D1D5
:10BD500000200023C5E90133BDE8F88370B5002950
:10BD60003FD006460C4610B1436B002B3CD0636EAF
:10BD7000B4F90C20DD0732D4900538D52146304681
:10BD800000F04CF8E36A054633B1E1693046984764
:10BD90000028B8BF4FF0FF35A3891A0639D4216BAC
:10BDA00041B104F14003994202D03046FDF752FE02
:10BDB00000232363616C21B13046FDF74BFE002365
:10BDC0006364FDF737FC636E0022DB07A2811CD59C
:10BDD000A06DFDF7CDFDFDF733FC284670BD002AB0
:10BDE000CCD10025284670BDFDF706FCBFE7A06D4D
:10BDF000FDF7C0FDB4F90C30002BBFD1636ED9073D
:10BE0000EFD4A06DFDF7B8FDEBE7A06DFDF7B4FD35
:10BE1000DEE721693046FDF71DFEC0E7B1F90C20D1
:10BE20002DE9F04116070C4680464ED4496842F48D
:10BE300000630029A38163DDA56A002D42D00021A3
:10BE400012F48052D8F80060C8F80010E16964D19B
:10BE500001234046A847451C02466ED0B4F90C3079
:10BE6000A56AE169580705D56368D21A236B0BB13F
:10BE7000E36BD21A00234046A847431C4FD1D8F8A1
:10BE80000010B4F90C301D2940D8314ACA40D707F8
:10BE90003CD52269226023F40062A281DD044FF0C8
:10BEA0000002626001D5002945D0216BC8F800600E
:10BEB00041B104F14003994202D04046FDF7CAFD6A
:10BEC000002323630020BDE8F0810E69002EF9D025
:10BED0000D680E6092070CBF4B690023AD1B8B6091
:10BEE0000BE02B463246E169676A4046B847B0F13D
:10BEF000000CA5EB0C05664406DD002DF1DCE1E746
:10BF0000E16B002998DCDDE7B4F90C3043F0400325
:10BF1000A3814FF0FF30BDE8F081226DA2E7B4F9B4
:10BF20000C302269226023F40062A281DB044FF00E
:10BF300000026260B9D52065B7E7D8F80030002B61
:10BF40008CD01D2B01D0162BDED1C8F80060B9E7CC
:10BF50000100402038B50C46054608B1436B03B3D9
:10BF6000B4F90C0088B1636EDB0701D481050FD5ED
:10BF700028462146FFF752FF636EDA07054602D4D2
:10BF8000A3899B0508D5284638BD0546284638BDF7
:10BF9000A06DFDF7EFFCEBE7A06DFDF7EDFC28468B
:10BFA00038BDFDF729FBDBE740EA01039B0710B52D
:10BFB00001D1032A17D8844601F1FF3E07E01EF89D
:10BFC000011F03F8011B541E29B19C4622466346FB
:10BFD000002AF4D110BD9444002CFBD003F8011BBF
:10BFE0006345FBD110BD8E468446DEF80040A4F1C7
:10BFF000013323EA040313F0803F71460EF1040E6F
:10C00000DAD1043A032A4CF8044BEED87146D3E750
:10C01000014B93F8280170477006002000487047D4
:10C020006007002038B5074D0022044608462A6004
:10C03000F5F71EFD431C00D038BD2B68002BFBD04C
:10C04000236038BDDC59002038B5074D074C2C1B48
:10C05000A41005D0013C55F8043D9847002CF9D1B7
:10C06000BDE8384004F0EEBF44190108401901084A
:10C07000082802D14FF48050704708B5FDF748FCFE
:10C08000162303604FF0FF3008BD00BF70B555ECBC
:10C09000104B0646134825F00043002183423160CF
:10C0A0001DD8204618431AD00F4828402A4658B9B0
:10C0B0000E4B002220462946F4F70EFC0A4621F0DA
:10C0C000004304466FF035011B156FF31E52A3F2B7
:10C0D000FE3342F07F550B4445F40015336045ECC8
:10C0E000104B70BDFFFFEF7F0000F07F000050435A
:10C0F0002DE9F8431B4D0646286898460F469146A1
:10C10000FDF738FC184B1C681CB3286865681F2DA8
:10C1100022DC4EB96B1C0235636044F82570FDF7D4
:10C120002BFC0020BDE8F88304EB85010123C1F856
:10C130008890D4F88821AB401A43022EC4F8882195
:10C14000C1F80881E6D1D4F88C211A43C4F88C21B7
:10C15000E0E7064C1C60D8E7FDF70EFC4FF0FF301F
:10C16000E0E700BF58020020EC590020245A0020CC
:10C170002DE9F04F03690C69A34283B0C0F28A80B5
:10C18000013C01F1140500F1140855F8243058F869
:10C19000242001339A428E4681464FEA840105EB02
:10C1A000840708EB840AB2FBF3F63AD3CDE9001515
:10C1B0000022AC46404613465CF8041B05681FFA93
:10C1C00081FB06FB0B22090C4FEA124B06FB01BB5D
:10C1D00092B2A9B2891A19441FFA8BF3C3EB214317
:10C1E00003EB154389B241EA0341674540F8041B5C
:10C1F0004FEA1B424FEA2343DED2DDE9001558F82F
:10C20000013073B9AAF1040AD04504D307E0D04540
:10C2100004F1FF3403D25AF80439002BF7D0C9F8DF
:10C2200010407146484601F019FA00282EDB4146BD
:10C23000002255F8040BD1F800C01FFA80FE1FFA47
:10C240008CF3A3EB0E031344020CC2EB234202EB6C
:10C250001C429BB243EA0243AF4241F8043B4FEA1F
:10C260002242E6D258F8242008EB84036AB9043B42
:10C27000434504D807E0984504F1FF3403D253F84E
:10C280000429002AF7D0C9F810400136304603B01F
:10C29000BDE8F08F002003B0BDE8F08F0000000083
:10C2A0002DE9F04F9DB0CDE90A320291816B269DB8
:10C2B00004908DED060B57EC106B49B1C26B4A60D0
:10C2C0000123934004468B6000F066FF0023A363C4
:10C2D000B7F10009B4BF012300232B60764BBCBF2C
:10C2E00029F00049CDF81C9033EA090300F0AA8038
:10C2F0009DED067B002251EC170B00238DED007B9A
:10C30000F4F752FD804668B10A9A01231360279B17
:10C3100013B1279A694B1360694B059305981DB0BB
:10C32000BDE8F08F9DED000B04981AAA1BA901F03F
:10C3300073FA5FEA1955824640F09A80DDE91A8562
:10C34000454405F23243202B40F38A83C3F1400376
:10C3500009FA03F905F2124326FA03F349EA030046
:10C36000F4F770F80123013DA1F1F8711293554BD8
:10C370000022F3F729FF4AA3D3E90023F4F7ACFA2C
:10C3800049A3D3E90023F3F721FF064628460F46C9
:10C39000F4F768F846A3D3E90023F4F79DFA0246C0
:10C3A0000B4630463946F3F711FF06460F46F4F7C1
:10C3B00043FD002204460990002330463946F4F735
:10C3C000FDFC002840F02283099CA8EB050808F139
:10C3D000FF33162C089300F28A813B4B03EBC40316
:10C3E000D3E90023DDE90001F4F7E8FC002871D06F
:10C3F000631E099300231193089B002BC0F27D81DB
:10C4000000230C93099B002B6ADA099B0C9A0D936D
:10C41000D21A0C925A4200230993029B1092092BC4
:10C4200068D8052B40F32183043B02930025029B2F
:10C43000023B032B00F23686DFE813F06E046B0438
:10C44000630447040A9AC9F3130942F20F7359EAC5
:10C45000060913601CD1279B002B00F043861B4B61
:10C4600005930833279A059813601DB0BDE8F08F37
:10C47000DDE90012C2F31303084643F07F51CDF803
:10C480004880A5F2FF35DDF8688041F440116EE781
:10C49000279B002B40F0F4830D4B05933EE700BF34
:10C4A00061436F63A787D23FB3C8608B288AC63FBA
:10C4B000FB799F501344D33F0000F07F1D13010808
:10C4C0001C1301080000F83F20150108681301083B
:10C4D00074130108B8F1000F40F3A38411900C907D
:10C4E000DDE908321344089300231093029B0D9258
:10C4F000092B96D90023012502930E954FF0FF3B9F
:10C500000B93049BCDF84CB00021D963049800F044
:10C510001DFE0590002800F0CE85DDE90432BBF158
:10C520000E0F9A6300F21881002D00F015810D990D
:10C53000002940F34684B34B01F00F0203EBC20322
:10C54000C805D3E900894FEA211540F10884AE4BB4
:10C55000DDE90001D3E90823F4F7E8FACDE9140195
:10C5600005F00F0503277DB1A74EE90708D5404622
:10C570004946D6E90023F4F7AFF9013780468946EA
:10C580006D1006F10806F0D142464B46DDE9140174
:10C59000F4F7CCFA80468946119B43B19B4B0022AD
:10C5A00040464946F4F70AFC002840F00B8538461F
:10C5B000F3F758FF42464B46F4F78EF9944B0022AE
:10C5C000F3F704FEA1F15073CDE914011593BBF10B
:10C5D000000F00F0A8800D9BCDE918B349464046F6
:10C5E000F4F72AFC189A874B03EBC20313ED027B86
:10C5F00005468DED167BF3F735FF0B46024649469F
:10C600004046F3F7E1FD059F0E9B30357E1CECB2F2
:10C61000804689463546002B00F06C84DDE9162300
:10C620007C490020F4F782FADDE91423F3F7CCFD0E
:10C630003C7042464B4604460D46F4F7DDFB0028AD
:10C6400040F0B884CDF850A0CDF858B00027AB46E4
:10C65000A246189D2AE00137AF4280F2FD846E4B5E
:10C66000504659460022F4F737F96B4B00228246B8
:10C670008B4640464946F4F72FF989468046F4F741
:10C68000DBFB0446F3F7EEFE02460B464046494606
:10C69000F3F79AFD303406F8014B52465B4680466C
:10C6A0008946F4F78BFB002840F0D38442464B4682
:10C6B00056490020F3F788FD52465B46F4F77EFBAF
:10C6C0000028C8D0199BDDF850A0059A374603F121
:10C6D000010802E0974200F09B843E4617F8013DB6
:10C6E000392BF7D00133DBB23B7045467DE10123A6
:10C6F0001193089B002BBFF683AEC8F101030C9386
:10C70000002308937EE63846F3F7ACFE42464B46DC
:10C71000F4F7E2F83E4B0022F3F758FDA1F1507315
:10C72000CDE9140115933D4B002240464946F3F7ED
:10C730004BFDDDE9144522462B4606460F46F4F72D
:10C740005BFB002840F0738430463946224605F1F1
:10C750000043F4F733FB28BB1B9B002BC0F29080F7
:10C760000D9A0E2A00F38C80264B0D9A03EBC20320
:10C7700093ED007B0B9B002B8DED027B19DABBF157
:10C78000000F16DC0ED1254B0022DDE90201F4F783
:10C79000A3F802460B46DDE90001F4F719FB002877
:10C7A00000F045840023059E00931F460B9BDD434C
:10C7B0002DE2059B5D1CDDE90278DDE900013A46CA
:10C7C0004346F4F7B3F9F4F737FB0646F3F74AFEAE
:10C7D0003A464346F4F780F802460B46DDE900018D
:10C7E000F3F7F2FC059A06F13003BBF1010F2F4677
:10C7F000137000F021830125CDF800A0A846DDE9E3
:10C80000029A2BE020150108F81401080000F03FFF
:10C8100000001C400000E03F0000244000001440E5
:10C820004A46534620462946F4F780F9F4F704FBBC
:10C830000646F3F717FE4A465346F4F74DF808F15B
:10C8400001080B46024629462046F3F7BDFC06F1D7
:10C850003003D84507F8013B00F0EC82844B0022FE
:10C86000F4F73AF80022002304460D46F4F79CFA48
:10C870000028D5D00D9DDDF800A001353E46B4E07E
:10C880000E9A002A40F0D8800023109E0C9D0E9333
:10C890001F4665B1089A002A09DD0C99AA42134681
:10C8A000A8BF2B46C91AED1AD31A0C910893109BF6
:10C8B00053B10E9B13B1002E40F0F7825146109AEF
:10C8C000049800F0F9FD82460498012100F010FD63
:10C8D000099B0090002B40F0BE81029B012B40F38E
:10C8E000D4810120089A104410F01F0000F09B80B2
:10C8F000C0F12003042B40F3E3810C9BC0F11C002A
:10C90000034402440C93054408920C9B002B05DD64
:10C91000514604981A4600F029FE8246089B002BD7
:10C9200005DD009904981A4600F020FE0090119B46
:10C93000002B40F07581BBF1000F40F34C810E9B42
:10C94000002B40F0A4800D9D0135DDF81480009C83
:10C95000DDF81090012607E0514600230A224846E0
:10C9600000F024FC0136824621465046FFF700FCC9
:10C97000B34500F1300008F8010BEDDCBBF1000F0E
:10C98000059BCCBF5E460126814603EB060B0024C7
:10C9900051460122049800F0E9FD0099824600F01A
:10C9A0005DFE002840F3EE81059A02E0934500F019
:10C9B00003825E460BF1FF3B16F8013C392BF5D0A4
:10C9C00001338BF80030DDF810800099404600F00C
:10C9D000E3FB57B12CB1BC4203D02146404600F0E6
:10C9E000DBFB0498394600F0D7FB0498514600F071
:10C9F000D3FB002333700A9B1D60279B002B3FF461
:10CA00008DAC05981E601DB0BDE8F08F2046F3F791
:10CA100029FD32463B46F4F7C7F900287FF4D4AC31
:10CA2000631E0993D0E41C230C9A1A440C92089AB2
:10CA30001A441D44089268E7029A012A40F3AD8126
:10CA4000109B0BF1FF36B342C0F26981BBF1000FBE
:10CA5000A3EB060680F2EF820C9BA3EB0B056CE1C7
:10CA6000C3F1200306FA03F07AE40125DFE400BFF6
:10CA7000000024403946002304980A2200F096FB67
:10CA8000139B002B074640F3FF820D969B46002D1B
:10CA900005DD394604982A4600F068FD0746099BE3
:10CAA000002B40F0E681B846059E731E03EB0B0495
:10CAB000069B03F00103CDE90B43049C009950460B
:10CAC000FFF756FB39468346504600F0C7FD0099F4
:10CAD00005464246204600F0E3FDC3680BF13009ED
:10CAE0000146ABBB0990504600F0B8FD099908908B
:10CAF000204600F051FB089A002A54D1029B1BB932
:10CB00000C9B002B00F0AE82002D3FDB0B9BB3464D
:10CB10009E420BF8019B00F0C381514600230A227C
:10CB2000204600F043FB4745824639464FF000035C
:10CB30004FF00A02204630D000F038FB414607464D
:10CB400000230A22204600F031FB5E468046B5E70E
:10CB5000049800F021FB002D06DB069B03F0010288
:10CB6000029B1D432A4329D151460122049800F01B
:10CB7000FDFC0099824600F071FD002840F3F6802C
:10CB8000B9F1390F00F049820BF131090D9D06F81A
:10CB9000019B3C460135474615E700F007FB5E4622
:10CBA000074680468AE7002DC0F29382029B1D4310
:10CBB0000C9B1D4300F08D82002AA7DDB9F1390FCF
:10CBC00000F02B820D9D09F101033C4606F8013B64
:10CBD00001354746F7E6029B022B7FF7B0AEBBF16B
:10CBE000000F40F02581009904985B46052200F073
:10CBF000DDFA01460090504600F030FD002840F379
:10CC00001781059E0D9D312306F8013B01350099E2
:10CC1000049800F0C1FA0135002F7FF4E2AEE4E69B
:10CC20000099504600F01AFD0028BFF684AE514628
:10CC3000002304980D9C0A2200F0B8FA0E9B661E91
:10CC40008246002B7FF416AF139B002B40F311821A
:10CC50000D9D9B4679E601461A46049800F02CFC8F
:10CC6000029B0090012B6EDD00230993009A13694B
:10CC700002EB8303186900F0E9FAC0F1200031E605
:10CC8000984B05930333FFF7EDBB069B002B7FF416
:10CC900028AEDDE90612C2F31303002B7FF421AEA8
:10CCA000914B134033B10C9B01330C93089B013320
:10CCB00008930123099A0993002A3FF412AED5E79D
:10CCC0003FF423AEC0F13C03AEE601230E930B9B71
:10CCD0000D9A134403F1010B5E46012E1393B8BF66
:10CCE0000126172E40F3F981012204235B0003F192
:10CCF0001400B042114602F10102F7D9049BD96336
:10CD000004E401230E930B9E002E36DD1396B346EA
:10CD1000E7E700230E93DAE700230E93F3E7109B77
:10CD2000099A1096F31A1A44089B09925B440893D7
:10CD30000C9B1D465B440C9300260498012100F0D7
:10CD4000D7FA0746A5E5069B002B8DD1DDE9060144
:10CD5000C1F313030A46002BA2D0099086E79DED8C
:10CD6000007B02278DED147BFFF7FDBB7FF40EAF38
:10CD700019F0010F7FF404AF08E701230B939B46E2
:10CD8000FFF7BFBB03D119F0010F7FF40DAE5E4674
:10CD90001BF8013D302BFAD015E6129A002A00F05C
:10CDA0009C8003F23343089A109E1A4408920C9A0E
:10CDB00015461A440C92C0E7059A312301351370C9
:10CDC00001E600F0FA800D9A484B554205F00F023B
:10CDD00003EBC203D3E90023DDE90001F3F77CFD97
:10CDE0002D11CDE9140100F05881414E0023022796
:10CDF00080468946EA0709D5D6E9002340464946D8
:10CE0000F3F76AFD01378046894601236D1006F16C
:10CE10000806EFD1002B7FF4BFABDDE91489FFF7E3
:10CE2000BBBBC8F1010308900C931190FFF758BBEE
:10CE3000059EBBE4DDF800A002460B46F3F7C6F9F9
:10CE40000D9DCDE90001013502460B46DDE90201E9
:10CE5000A846F3F7B3FF40B9DDE90023DDE902019D
:10CE6000F3F7A2FF18B1F30701D5059A35E43E4662
:10CE7000BBE57968049800F069F90546002800F0E0
:10CE800021813B6902339A0007F10C010C30F3F762
:10CE9000BDFB04982946012200F068FB804603E6AA
:10CEA0000D9D3C460135474672E5049C39463246A5
:10CEB000204600F001FB524601460746204600F09E
:10CEC00045FA51468046204600F066F9109B9B1BB0
:10CED000C24610933FF4F8ACF0E41A9BC3F136035A
:10CEE00061E700BF741301080000F07F20150108FE
:10CEF000F8140108DDE91623DDE91401F3F7ECFC71
:10CF0000059B1C70189B012BCDE90E0100F0C3801E
:10CF1000189F059B12961F447A4B002240464946B3
:10CF2000F3F7DAFC0D460446F3F786FF8146F3F784
:10CF300099FA09F1300902460B4620462946F3F7D3
:10CF400043F906F8019BBE4280468946E4D1129D12
:10CF50006D4B0022DDE90E01F3F738F902460B466E
:10CF600040464946F3F748FF00286CD1DDE90E231F
:10CF700065490020F3F728F902460B46404649462A
:10CF8000F3F71CFF80B91B9B002BFFF67DAC0D9BBC
:10CF90000E2B3FF779AC5D4B0D9A03EBC20393ED7B
:10CFA000007B8DED027B06E43E46013F16F8013C16
:10CFB000302BF9D0199D013517E5DDE900890227ED
:10CFC000FFF7EABABBF1000F3FF49DAB139C002CB6
:10CFD0007FF7C2AB0D9B013B0022404649461993A7
:10CFE000484BF3F779FC80468946781CF3F73AFA08
:10CFF00042464B46F3F770FC454B0022F3F7E6F848
:10D00000A1F15073CDE9140118941593FFF7E6BA16
:10D0100008F101083123FFF767BB0D9D059AB34660
:10D0200039233C460BF8013B01354746C1E4002358
:10D0300000931F46E5E5089B5B4408930C9B1D4647
:10D040005B440C9379E6199B059A03F10108FFF7FD
:10D0500044BBDDF850A0ADE7DDF850A0DDF858B0D6
:10D06000FFF77ABBB9F1390FD7D0002D3FF78CAD60
:10D070008CE5029B022B03DC0D9DDDF84CB064E4D3
:10D08000DDF84CB00D96AAE5029B022BF8DCDDF82A
:10D090004CB00D96FBE437465AE7DDE914890227C8
:10D0A000FFF77ABA049B0025DD632946184600F095
:10D0B0004DF80590D0B9174B1748002240F2AF1138
:10D0C00000F02AFD134B14482A4640F2EF2100F0ED
:10D0D00023FD002A3FF748AD58E5049B0021D963A2
:10D0E000FFF714BA0D4B0593FFF718B9DDE90432C9
:10D0F0009A634FF0FF3301220B9513930E929B46D8
:10D10000FFF72ABB000024400000E03F2015010883
:10D1100000001C40781301088C13010868130108F3
:10D1200082B049B15AB16BB113780B601278101EFE
:10D1300018BF012002B0704701A9002AF3D11046A0
:10D1400002B070476FF00100F4E700BF436C70B5A8
:10D1500005460C464BB153F8240080B1026843F8F1
:10D1600024200023C0E9033370BD2122042100F0F4
:10D17000F3FC034668640028EDD1002070BD012156
:10D1800001FA04F6721D9200284600F0E5FC002822
:10D19000F3D0C0E90146E4E731B1436C4A6853F883
:10D1A0002200086043F82210704700BF2DE9F041CB
:10D1B0000D6907460E461C4601F1140E0020DEF8EC
:10D1C00000108BB202FB03434FEA134C090C02FB25
:10D1D00001CC01309BB203EB0C4385424EF8043B7B
:10D1E0004FEA1C44EBDC3CB1B368AB4207DD06EB15
:10D1F000850301355C6135613046BDE8F0817168B9
:10D2000038460131FFF7A2FF8046A8B132690232E9
:10D2100006F10C0192000C30F3F7F8F97B6C7268A0
:10D2200053F82210316043F82260464606EB85032E
:10D2300001355C613561DFE7024B03484246BA21A4
:10D2400000F06AFC78130108E8130108B0F5803F8C
:10D25000034636BF030400201020B3F1807F3CBF9B
:10D260001B020830B3F1805F3CBF1B010430B3F1F7
:10D27000804F03D3002B06DB013070479B0003D4A3
:10D280005B0003D4202070470230704703307047A2
:10D29000036813F00702014607D0DA071FD4980786
:10D2A00021D55B080B600120704798B2A0B11046F1
:10D2B000DAB20AB908301B0A1A0704BF1B09043086
:10D2C0009A0704BF9B080230DA0703D45B0800F119
:10D2D000010006D00B6070471B0C1020E8E700200F
:10D2E0007047202070479B080B600220704700BFEA
:10D2F00038B5436C04460D464BB15868B0B102686E
:10D300005A6000220123C0E90323456138BD212270
:10D31000042100F021FC034660640028EDD1094B94
:10D320000948002240F2451100F0F6FB1C220121C1
:10D33000204600F011FC0028F1D001220223C0E9B0
:10D340000123DEE778130108E81301082DE9F04F07
:10D35000D1F810801569A84585B00E46924605DBC8
:10D360002A46534645468A4690461E46DAF8083015
:10D37000DAF8041005EB0804A342B8BF0131FFF747
:10D38000E5FE8446002800F08B8000F1140707EBCF
:10D39000840E774505D23B46002243F8042B9E4578
:10D3A000FBD8143606EB88080AF11409464509EB48
:10D3B000850566D2A5EB0A03153B23F003030AF1AA
:10D3C000150A043355452CBF9B464FF0040BCDF88E
:10D3D00008E00394AE46E24605E0090C2AD1B045C8
:10D3E00007F104074AD956F8041B8DB2002DF4D07A
:10D3F000CC463C46002301965CF8040B216886B2BB
:10D400008AB2000C05FB0622090C1A4405FB001128
:10D4100001EB124192B242EA0142E64544F8042B84
:10D420004FEA1143E8D8019E47F80B3056F8041C28
:10D43000090CD4D03B68002248461D463C46944621
:10D44000028801FB02C202EB15429BB243EA02438F
:10D4500044F8043B50F8043B25684FEA134CABB248
:10D4600001FB0C3303EB124370454FEA134CE7D337
:10D47000B04547F80B3007F10407B4D8DDE902E402
:10D48000D446002C02DC05E0013C03D05EF8043DEC
:10D49000002BF9D06046CCF8104005B0BDE8F08F05
:10D4A000034B044862464FF4B17100F035FB00BFF6
:10D4B00078130108E813010812F003032DE9F04185
:10D4C000144607462CD10D46A4101CD03E6C86B3E2
:10D4D000E3074FF0000806D4641014D03068A8B1F8
:10D4E0000646E307F8D5324629463846FFF72EFFB1
:10D4F00035B17B6C696853F821202A6043F82150CC
:10D5000064100546EAD12846BDE8F081324631462E
:10D510003846FFF71BFF3060C0F800800646E0E7A2
:10D52000013B0F4A52F823200023FFF73FFE054638
:10D53000CAE701213846FFF709FE064640B101233C
:10D5400040F27122C0E90432002338640360BFE76F
:10D55000044B0548324640F2451100F0DDFA00BFA9
:10D56000EC14010878130108E81301082DE9F047CD
:10D570000C4690462769A368496807EB62177D1C33
:10D580009D4206464FEA621904DD5B009D4201F1AF
:10D590000101FADC3046FFF7D9FD8446002851D05E
:10D5A000B9F1000F00F114000EDD09F105024FEA98
:10D5B000820E03460CEB8202002143F8041B9342C7
:10D5C000FBD1AEF114031844216904F1140318F0DF
:10D5D0001F0803EB81012DD0C8F1200986464FF0CA
:10D5E000000A1A6802FA08F242EA0A024EF8042B0C
:10D5F00053F8042B994222FA09FAF2D80B1B153B77
:10D6000023F00303043304F11502914238BF0423CD
:10D6100040F803A0BAF1000F00D13D46736C626878
:10D62000CCF8105053F822102160604643F8224095
:10D63000BDE8F087043853F8042B40F8042F9942D2
:10D64000F9D8EAE7034B044862464FF4EF7100F063
:10D6500063FA00BF78130108E81301080B698446D8
:10D660000069C01A16D10CF1140C14310CEB8302B2
:10D6700010B401EB830301E0944508D252F8044D45
:10D6800053F8041D8C42F7D005D24FF0FF305DF8FF
:10D69000044B7047704701205DF8044B704700BF92
:10D6A0002DE9F04F15460A692B69D21A002A83B07A
:10D6B000884640F0878001F1140605F1140101EB62
:10D6C000830106EB830301E09E427ED253F8044DB2
:10D6D00051F8042D9442F7D075D32B4600244546CB
:10D6E00098466968FFF732FD8146002800F089807E
:10D6F0002E69C460D8F8100005F1140B08F1140E5F
:10D7000009F1140A05F110020EEB80000BEB860103
:10D7100057464FF0000CCDF804B05EF8044B52F8B9
:10D72000045F1FFA84FBABB2A3EB0B03240C63442E
:10D73000C4EB154404EB23449BB243EA0443704515
:10D7400047F8043B4FEA244CE7D8A0EB080208F165
:10D7500015084045A2F1150234BF002001209208AF
:10D760000028DDF804B002F101044FEA840408BF88
:10D7700004240BEB0405A942544433D92746284618
:10D7800050F8043B1CFA83FE1A0C634402EB2E4251
:10D790009BB243EA0243814247F8043B4FEA224CE2
:10D7A000EED80139491B21F003010C4423B954F888
:10D7B000043D013E002BFAD04846C9F8106003B082
:10D7C000BDE8F08F89DA01248BE70021FFF7BEFC6A
:10D7D000814678B101220023C0E90423484603B002
:10D7E000BDE8F08F00284FEA820208BF00220AEB52
:10D7F0000204DBE7064B07484A4640F2372100F0B7
:10D800008BF9034B03484A4640F2452100F084F966
:10D8100078130108E81301082DE9F0430E4683B0A0
:10D82000012159EC108B1546FFF790FC04460028A7
:10D8300046D0C9F30A57C9F313030FB143F4801359
:10D840000193B8F1000313D101A8FFF721FD019B5B
:10D8500063610122203022610FB3A7F233470744EE
:10D86000C0F1350037602860204603B0BDE8F08382
:10D8700068460093FFF70CFD019BF8B10099C0F1D9
:10D88000200203FA02F2C3400A430193002B6261B3
:10D890000CBF01220222A3612261002FDDD104EB23
:10D8A0008203A0F2324030601869FFF7CFFCC0EB72
:10D8B00042102860204603B0BDE8F083009AE5E7F7
:10D8C000034B0448224640F20F3100F025F900BF17
:10D8D00078130108E813010849B1FF2A02D80A7039
:10D8E000012070478A2303604FF0FF3070470846DD
:10D8F000704700BF70B5054684B05BB11C460F4B46
:10D90000D3F8E060234669B12846B047431C0FD0E6
:10D9100004B070BD094B00F58274D3F8E060234673
:10D920000029F1D10A46284601A9B047431CEFD18E
:10D9300000228A2322602B6004B070BD7006002094
:10D9400010B582B0049CCDE900344FF0FF3300F0F5
:10D9500059FB02B010BD00BF2DE9F0478F681D468E
:10D96000AF420B680C46164636D8B1F90CC01CF411
:10D97000906F0ED13D46184631462A4600F04CF8CD
:10D98000A368DF1B2368A7602B4400202360BDE849
:10D99000F0874A69096902EB42025F1A02EBD27210
:10D9A0006B1C52103B44934292BF914699461A46D3
:10D9B0001CF4806F804611D01146FCF747F982466F
:10D9C00000B321693A46F2F721FEA38923F490635C
:10D9D00043F08003A38105E02F46CCE700F0F2F886
:10D9E000824658B10AEB0703A9EB0707A760C4F802
:10D9F00010A0C4F8149023602F46BCE7216940466C
:10DA0000FCF728F8A3890C2243F04003C8F8002053
:10DA10004FF0FF30A381BAE788420ED98B188342BA
:10DA20000BD900EB020C002A6ED0624613F801CD30
:10DA300002F801CD9942F9D170470F2A0FD8034659
:10DA400002F1FF3C002A5FD00CF1010C013B8C4439
:10DA500011F8012B03F8012F6145F9D1704740EA15
:10DA600001039B0751D1A2F1100370B501F1200C05
:10DA700023F00F0501F1100E00F11004AC441B0956
:10DA80005EF8105C44F8105C5EF80C5C44F80C5CCA
:10DA90005EF8085C44F8085C5EF8045C44F8045CDA
:10DAA0000EF1100EE64504F11004E9D1013312F035
:10DAB0000C0F01EB031102F00F0400EB031328D04D
:10DAC000043C24F003064FEA940C1E441C1F8E46AF
:10DAD0005EF8045B44F8045FB442F9D10CF1010430
:10DAE00002F0030203EB840301EB840102F1FF3C2B
:10DAF0004AB10CF1010C013B8C4411F8012B03F8E5
:10DB0000012F6145F9D170BD704702F1FF3C03461A
:10DB10009AE72246EAE700BF00B50B4C2568144699
:10DB2000EE681A4685B003460D464CB1074900958C
:10DB3000CDE901143046064900F076FA01F0EEFB1B
:10DB400004490C46F3E700BF140100204414010807
:10DB5000541401085014010838B5A1FB021454BB39
:10DB6000FCF774F8054650B350F8042C22F0030279
:10DB7000043A242A10D8132A13D91B2AC0E90044D6
:10DB800016D9242AC0E902440ABFC0E9044400F1BE
:10DB9000100200F1180205E02146FBF7DDFD2846E2
:10DBA00038BD02460023C2E900339360284638BDE1
:10DBB00000F10802F6E7FBF7ABFE0C23036000253B
:10DBC000284638BD2DE9F84F1646002900F096800A
:10DBD0000C46804606F10B05FCF7EAFA54F8041CE3
:10DBE000162DA4F1080921F0030758D81025AE42DC
:10DBF00058D8AF4260DABE4B9A6809EB070C624511
:10DC0000DCF8040000F0908020F0010363445B68BE
:10DC1000DB0768D420F003003B189D4247DDCB07AB
:10DC200012D454F8083CA9EB030BDBF8043023F0C2
:10DC30000302104400EB070A554540F3F68007EB5A
:10DC4000020A554540F3CC8031464046FBF7FEFFC3
:10DC50000646002800F0208154F8043C23F001031C
:10DC60004B44A0F10802934200F0B4803A1F242AEA
:10DC700000F2D780132A00F2A280034622461168E0
:10DC800019605168596092689A6021464046FBF7D6
:10DC9000E1FE4046FCF792FA3046BDE8F88F35F0D9
:10DCA0000705A4D50C23C8F80030002618E01F464D
:10DCB000DCE90223D3609A60D9F804307A1B0F2A7A
:10DCC00003F0010309EB07001DD83B43C9F80430FA
:10DCD000436843F0010343604046FCF76FFA264671
:10DCE0003046BDE8F88FC907AED454F8083CA9EB1C
:10DCF000030BDBF8043023F00302A0E7BDE8F84F84
:10DD00001146FBF7A3BF09EB05012B4342F00102CB
:10DD1000C9F804304A60436843F0010343600831A6
:10DD20004046FBF797FED7E720F00300C21905F144
:10DD3000100C624580F29180CA0785D454F8082CF3
:10DD4000A9EB020BDBF8042022F00302104400EBE5
:10DD5000070AD4453FF773AF5E46DBF80C1056F860
:10DD6000080F3A1F242AC160886000F2AE80132A8F
:10DD700040F2A9802168CBF808106168CBF80C103C
:10DD80001B2A00F2A88008340BF1100221681160F0
:10DD900061685160A16891600BEB0501AAEB050277
:10DDA00042F0010299604A60DBF8043003F001039D
:10DDB0002B434046CBF80430FCF700FA90E7236889
:10DDC0000360636843601B2A3CD804F1080200F139
:10DDD000080354E750F8043C23F003031F446BE7A7
:10DDE0003A1F5E46DBF80C3056F8081F242ACB6039
:10DDF000996022D8132A1ED92368CBF808306368AB
:10DE0000CBF80C301B2A3BD808340BF110032268E6
:10DE10001A6062685A60A2689A6034465746D946CA
:10DE20004AE72146FFF7F8FD2FE7DCE902133A1F26
:10DE3000CB609960D5E73346E9E721463046FFF7E6
:10DE4000EBFDEAE7A3688360E368C360242A27D078
:10DE500004F1100200F1100311E709EB05019960CC
:10DE6000531B43F001034B6054F8043C03F00103DF
:10DE70002B43404644F8043CFCF7A0F926462FE724
:10DE8000A368CBF81030E368CBF81430242A10D004
:10DE900010340BF11803BAE74046FCF78FF904E79A
:10DEA000236903616169416104F1180200F11803FB
:10DEB000E5E62369CBF818306369CBF81C301834D9
:10DEC0000BF12003A3E7324660E721463046FFF717
:10DED000A3FD074B60E7A168CBF81010E168CBF811
:10DEE0001410242A06D010340BF118024EE700BF9C
:10DEF000680200202269CBF818206269CBF81C2048
:10DF000018340BF1200241E72DE9F04F8BB0DDE929
:10DF1000157A86461E46002F5AD0156800295CD017
:10DF2000149B002B69D0741E4EB3043DCDE9015EF5
:10DF3000DDF850B004910026039105920BE0039B9D
:10DF40000BBB019B1868002836D0DC4557D2013C3A
:10DF5000631C664613D0019B029853F8042F01936B
:10DF6000DAF8E0503B4607A9D7E90098A847421CD9
:10DF700037D000EB060CDC45E1D9C7E90098304604
:10DF80000BB0BDE8F08F00280EDD049B019D184406
:10DF90005A1E07A900F1FF3E11F8013B02F8013FAC
:10DFA0007245F9D101950490059B1A6804321A60F4
:10DFB000019B18680028C8D10399059A01B1106027
:10DFC0000CF1FF36002230463A600BB0BDE8F08F0E
:10DFD000156800F586770029A2D14FF0FF3314931E
:10DFE000A1E7DDF808E006468A2100223046CEF897
:10DFF00000103A600BB0BDE8F08F149EBFE7664694
:10E00000BDE700BF10B584B0054C06980090079896
:10E010000190044800680294FFF776FF04B010BD39
:10E0200070060020140100200EB410B583B005ABBB
:10E03000064C53F8042B01930146206800F008F8C1
:10E0400003B0BDE8104003B0704700BF14010020CA
:10E050002DE9F04FC7B016AFCDE90621834608225F
:10E06000002138461C460C93FBF776FBBBF1000FF2
:10E0700004D0DBF83430002B00F02786079B5A6E63
:10E08000B3F90C30D00702D4990540F10A859E04FB
:10E0900006D4079943F4005322F400528B814A6658
:10E0A000950400F1C386079AB2F90C30190740F1C4
:10E0B000CB801269002A00F0C78003F01A020A2AF6
:10E0C00000F0D18000239E46CDE90FEECDE91B3351
:10E0D000DFF8F8A8CDF838E01DAB1A939946CDF8D3
:10E0E00020E0CDF834E0069DDAF8E440FDF790FF3B
:10E0F000009703462A4614A95846A047002800F076
:10E10000D180C0F2C780149A252A034601D01D444D
:10E11000EAE7069BEE1A044640F0C88000234FF061
:10E12000FF316A788DF84B3009936C1C059103938D
:10E130000134A2F120035A2B00F2F980DFE813F03A
:10E140006002F700F7005A02F700F700F7006A00D4
:10E15000F700F700E801F901F700F3010402F70006
:10E16000FE015B005B005B005B005B005B005B0033
:10E170005B005B00F700F700F700F700F700F7001F
:10E18000F700F700F7009D016A02F700F700F700BB
:10E19000F700F700F700F700F700F700F70020029C
:10E1A000F700F700F7007601F7008D02F700F7009F
:10E1B000E704F700F700F700F700F700F700F700B3
:10E1C000F700F700F7009D01C201F700F700F70024
:10E1D0008402C2017E00F7000A03F700FB02E40498
:10E1E000DA027E00F70076017C00E104F700F70018
:10E1F0000A05F7007C00A2F13003002114F8012B7E
:10E2000001EB810103EB4101A2F13003092BF5D9A8
:10E2100009918EE75846FDF701FF43680F931846B2
:10E22000F2F7EEFA109005465846FDF7F7FE8368C0
:10E230000E93002D40F05684227879E7039B2278D4
:10E2400043F02003039373E7079D5846294601F0E6
:10E2500003F8002840F01E86B5F90C3003F01A02CE
:10E260000A2A7FF42FAF0799B1F90E20002AFFF692
:10E2700029AF4A6ED60702D49D0540F1CB85DDE972
:10E2800006212346584600F017FE0890089847B02C
:10E29000BDE8F08F082200213846FBF75DFA012324
:10E2A0001D4421E7069BEE1A044612D0069BC9E9DD
:10E2B00000361C9B33441C931B9B0133072B1B9381
:10E2C00011DC09F10809089B33440893002C7FF402
:10E2D00025AF1C9B002B40F0B885079B0022B3F9AB
:10E2E0000C301B9218E007991AAA584600F024FE39
:10E2F00078B90DF17409E6E707991AAA584600F0B3
:10E300001BFE00287ED00B9B1BB10B995846FBF7D8
:10E31000A1FB079BB3F90C30079A526ED1077CD54D
:10E320005B0600F18D85089847B0BDE8F08F069434
:10E33000002ACED000238DF84B3001238DF8B42075
:10E3400004930A932DAC00230B930593039810F0CC
:10E350008408DDE91B2105D10998049D451B002D8A
:10E3600000F3D6829DF84B0078B1013201200131D3
:10E37000C9F80400072A0DF14B00CDE91B21C9F8AB
:10E38000000000F3FA8209F108097BB1013213A8F9
:10E390000231C9F80000072A4FF00200CDE91B2125
:10E3A000C9F8040000F3F88209F10809B8F1800FF8
:10E3B00000F00C82059B0A981D1A002D00F34A827A
:10E3C0000A9BC9F8004001321944072ACDE91B21F4
:10E3D000C9F8043000F3798209F10809039B580752
:10E3E00005D5099B049A9C1A002C00F3E282DDE912
:10E3F000083204988242ACBF9B181B18089300296E
:10E400007FF47AAF00231B930B9B1BB10B995846EB
:10E41000FBF720FB0DF1740965E69A0580D4079C93
:10E42000A06DFBF7A9FAB4F90C3079E70C9E0694BD
:10E4300056F8044B00238DF84B30002C00F05D841F
:10E44000532A00F0A283039B13F0100540F09D8334
:10E45000059B002BC0F2CD841A4629462046F2F7D0
:10E460006FF90B90002800F00685031BCDE90A35F3
:10E4700023EAE373049300F09DBC0C9B0694432AAB
:10E4800003F1040503D0039BD80640F167830822FB
:10E49000002118A8FBF760F90C9B2DAC1A682146E7
:10E4A00018AB5846FFF726FA034601330A9000F0EE
:10E4B000D6840A9B23EAE373049300230C958DF81A
:10E4C0004B3040E7039B0694990640F1AC800C9BCF
:10E4D000073323F0070319465A6851F8083B0C919B
:10E4E0001146002AC0F23F81059A002AC0F24881F5
:10E4F000039A22F08002039253EA010240F0408125
:10E50000059B002B40F08B8404930A9346AC49E1B1
:10E510000C9B53F8042B0992002A80F2BA82099AC4
:10E520000C9352420992039B227843F00403039315
:10E53000FEE52B2322788DF84B30F9E5039B2278FA
:10E5400043F080030393F3E5204610F8012B2A2AB9
:10E5500000F09584A2F13003092B98BF002100F24E
:10E56000608410F8012B01EB810103EB4101A2F162
:10E570003003092BF5D941EAE17305930446D8E548
:10E58000039B069443F0100212F0200100F0518228
:10E590000C9B073323F007031846596850F8083BD3
:10E5A0000C9022F480640394059C002084428DF832
:10E5B0004B007CDB53EA010422F4906240F081833B
:10E5C000039C0392059B002B69D1002840F05C82DC
:10E5D00014F001020A9200F0608230238DF81731A6
:10E5E0009DF84B3004920DF21714002B40F0DF80A1
:10E5F0000B93E1E0039B227843F00103039397E53B
:10E600009DF84B302278002B7FF492AD20238DF8BB
:10E610004B308DE5039B069443F010030393039B5B
:10E6200099063FF554AF0C9A52F8043B0C92039AAA
:10E63000D20600F14382039A560640F13B8243F32F
:10E64000C0310A461BB24CE72278039B682A00F0CF
:10E65000958243F0400303936AE5039B069443F0DD
:10E66000100414F0200100F0F3810C9B073323F019
:10E6700007031A46596852F8083B0C9200228DF89D
:10E680004B20059A002AC0F21E8324F080020392D8
:10E6900053EA010274D1059B0120002B95D001287B
:10E6A00000F0BD8300230228194600F01A8146AC11
:10E6B00003F00702DB0843EA4173C908303253EA2A
:10E6C0000105204604F8012DF2D1039BDD0740F13E
:10E6D0001681302A00F013813023059A04F8013C9A
:10E6E000023846AB1B1A9A42B8BF1A460A93044630
:10E6F000049257E0039B0C9A069443F002030393A1
:10E7000052F8043B0C9247F63002ADF84C20AD4A6B
:10E710000D92002100228DF84B20059A002AC0F2AC
:10E72000E080039C53EA010024F08002039240F051
:10E73000D880022046E7039B06949C0640F1C181E5
:10E740000C9B089A1B681A60D2175A600C9B043302
:10E750000C93C8E42278039B6C2A00F0088243F0F3
:10E7600010030393E4E42D228DF84B20059A5B42BD
:10E7700061EB4101002A03DB039A22F0800203923D
:10E780000A2B71F1000280F039823033DBB28DF850
:10E790001731059B012BB8BF0123049301230A9372
:10E7A0000DF217149DF84B30002B3FF421AF0023DE
:10E7B0000B93049B01330493039B13F002033FF478
:10E7C000C5AD049B023304930223BFE5099B049863
:10E7D0001D1A002D7FF7EEAD102DDFF8EC8126DD40
:10E7E00040464B46A046DDF81C901026044604E047
:10E7F000103D102D03F1080315DD01321031072AF9
:10E80000C3E90046CDE91B21F2DD1AAA4946584664
:10E8100000F092FB00287FF476AD103D102DDDE96D
:10E820001B211DABE9DC994623464446984601323C
:10E830002944072ACDE91B21C9F80080C9F80450F2
:10E8400000F34882059B0A981D1A002D09F108095A
:10E850007FF7B6AD102DDFF8708128DD4B4610260E
:10E86000A9462546079C06E0A9F11009B9F1100F49
:10E8700003F1080318DD013253481031072AC3E9B8
:10E880000006CDE91B21EFDD1AAA2146584600F00B
:10E8900053FB00287FF437ADA9F11009B9F1100F2F
:10E8A000DDE91B211DABE6DC2C464D4699460132C5
:10E8B0002944072ACDE91B21C9F80080C9F8045072
:10E8C00000F3D58009F108097AE507991AAA584694
:10E8D00000F032FB00287FF416AD1C990DF174098D
:10E8E0007CE50D9846AC03F00F021B09825C04F82E
:10E8F000012D43EA0173090953EA0102F3D1059A94
:10E9000046AB1B1B9A42B8BF1A460A93049249E7CA
:10E91000102D2F4E23DD48461193A146079C04E09D
:10E92000103D102D00F1080016DD013210311023CA
:10E93000072ACDE91B2106604360F1DD1AAA2146B2
:10E94000584600F0F9FA00287FF4DDAC103D102D98
:10E95000DDE91B211DA8E8DC119B4C4681460132F4
:10E960002944072ACDE91B21C9F80060C9F80450E1
:10E9700000F3978109F10809F4E4079911931AAAA1
:10E98000584600F0D9FA00287FF4BDACDDE91B2120
:10E99000119B0DF17409F8E407991AAA584600F082
:10E9A000CBFA00287FF4AFACDDE91B210DF174092F
:10E9B000FCE4102C1B9B064E28DDDDF81C80102586
:10E9C0000DE000BFEC120108EC16010870060020F3
:10E9D000FC160108103C102C09F1080916DD013362
:10E9E0001031072BC9E90065CDE91B31F2DD1AAA08
:10E9F0004146584600F0A0FA00287FF484AC103C51
:10EA0000102CDDE91B310DF17409E8DC01332144E0
:10EA1000072BC9E90064CDE91B317FF7E8AC079902
:10EA20001AAA584600F088FA00287FF46CAC1C99AA
:10EA3000DDE40C9850F8043B0C9012F010007FF4C9
:10EA4000B0AD12F0400400F062819BB20146A8E52F
:10EA50000C9A52F8043B0C9214F010027FF40EAEA4
:10EA600014F0400000F059819BB2114606E6079968
:10EA70001AAA584600F060FA00287FF444ACDDE999
:10EA80001B210DF174099BE4059B04930A9346AC8A
:10EA900088E622780C93FFF74BBB059B049346ACAA
:10EAA00080E6079DA86DFAF765FFB5F90C306A6E30
:10EAB000FFF7EDBA039A950500F18781D9170A4649
:10EAC0000FE5039BD80600F11381039B590600F163
:10EAD0008B81039B9A0540F10B810C9B089A1B6864
:10EAE0001A7033E60E9B2278002B3FF421AB1B7883
:10EAF000002B3FF41DAB039B43F480630393FFF7AC
:10EB000017BB0694039CACE5039A06943CE5B24B14
:10EB100006940D93039B13F020015FD00C9B0733E9
:10EB200023F007031846596850F8083B0C90039CE3
:10EB3000E6070AD553EA010007D08DF84D2044F0CE
:10EB40000202039230228DF84C20039A22F4806254
:10EB50000392DFE5A14B06940D93DBE70C9B1B684A
:10EB60008DF8B430012304930A932DACA5E443F04F
:10EB70002003627803930134FFF7DABA43F4007399
:10EB8000627803930134FFF7D3BA0822002118A852
:10EB90001594FAF7E1FD059B002BC0F2DC800025FF
:10EBA000CDF81090A84699460EE02DA95846FEF7DC
:10EBB000A1FE431C404400F05281484509DC05F1A8
:10EBC000040500F054818046159A525918AB002A6A
:10EBD000EBD1DDF81090CDF82880C9E00C9850F802
:10EBE000043B0C90039810F01000A0D1039911F091
:10EBF000400400F099809BB2014698E7039ACDF853
:10EC0000109046AC02F48062A146CDF828B0744E54
:10EC1000DDF838B04FF0000C144605E00A2B71F116
:10EC2000000136D3434629465A1842F10002A6FB9A
:10EC3000020525F0030000EB9500121A981A4FF018
:10EC4000CC3561F1000E05FB00F506FB0E55A0FB6F
:10EC50000680054408F0010E0520AEFB000E80186A
:10EC60004FEA5808303009F8010C48EAC5780CF131
:10EC7000010C09F1FF396D08002CCFD09BF8002062
:10EC80006245CBD1BCF1FF0FC8D00A2B71F1000156
:10EC900051D2CDF838B04C46DDF828B0DDF81090F0
:10ECA0002DE6079911931AAA584600F045F9002855
:10ECB0007FF429ABDDE91B21119B0DF17409FFF7EE
:10ECC00051BB0392F3E403945AE55846FAF794FCD7
:10ECD000FFF7D4B907991AAA584600F02DF9002871
:10ECE0007FF411ABDDE91B210DF17409FFF762BB65
:10ECF0000C9B089A1B681A6028E5059B394C0C96FA
:10ED0000062B28BF06230A930493FFF71CBB12F4BB
:10ED100000711CBFDBB2214643E414F400713FF4E0
:10ED2000ADACDBB20146A9E4039911F400711CBF3C
:10ED3000DBB22146FBE6109B0F99A9EB03091A46AB
:10ED40004846FDF731F99BF801300BB10BF1010B8F
:10ED50004FF0000C66E718AB00930023194615AA84
:10ED60005846FEF7EDFD034601330A9077D015941F
:10ED70000A9BE3B1632B45DC00230B932DAC0822E7
:10ED8000002118A8FAF7E8FC0A9D18AB009315AA11
:10ED90002B4621465846FEF7D3FD854240F085803C
:10EDA0000A9A0023A35422EAE273049302E00A9B26
:10EDB00004930B939DF84B301BB100230C960593E5
:10EDC000F7E405930C96FFF7C1BA43F3C0110A4666
:10EDD0005BB2FFF786BB00BF00130108EC1201080D
:10EDE000CDCCCCCC141301080C9B089A1B681A805C
:10EDF000ACE42046F1F704FD20EAE073CDE90A0512
:10EE00000493D7E7591C5846FAF720FF044630B35D
:10EE10000B90B4E7886DFAF7AFFDFFF730BA3023F7
:10EE2000B5E4002304460593FFF783B9D40707D45C
:10EE3000079B9B89980503D4079B986DFAF79CFD67
:10EE40004FF0FF330893FFF76EBA07991AAA584696
:10EE500000F072F800283FF440AAFFF75ABA079A68
:10EE6000B2F90C3043F040039381FFF755BADDE966
:10EE700004930A937CE7059B04930A939AE70C9BFF
:10EE8000627853F8041B0C9341EAE1710446059142
:10EE9000FFF74EB9079A536EDB07D1D493899F05CC
:10EEA000CED4906DFAF768FDCAE7079A938943F0CC
:10EEB00040039381FFF727BAF0B51F468B89ADF267
:10EEC0006C4D23F00203ADF80C301AAB00930493A1
:10EED0004FF48063029305934B6E1993CB89ADF881
:10EEE0000E30CB6907934B6A0993154600230646FB
:10EEF00016A80C460693FAF739FD2A463B466946A2
:10EF00003046FFF7A5F8051E07DB69463046FDF7DA
:10EF100021F8002818BF4FF0FF35BDF80C305B0614
:10EF200003D5A38943F04003A3811698FAF720FD87
:10EF300028460DF26C4DF0BD936810B514461BB910
:10EF400018460023636010BD00F006F80023A3609C
:10EF50000023636010BD00BF9368002B00F0F880B1
:10EF60002DE9F04FB1F90CC01CF0080F83B09046AA
:10EF700081460C4631D00B697BB31CF00207D8F8F0
:10EF8000006038D00027D4F824B0E169DFF8C4A2CB
:10EF90003D4655452B463A4628BF53464846C5B1DF
:10EFA000D847002840F3CA80D8F808301B1A074415
:10EFB0002D1AC8F80830002B00F0B68055452B46B6
:10EFC000D4F824B0E16928BF53463A464846002D9C
:10EFD000E6D1D6E900750836DBE72146484600F061
:10EFE0003BF9002840F0AF80B4F90CC0D8F80060BD
:10EFF0001CF00207C6D11CF0010A63D12368A16886
:10F00000574618468B46002F58D01CF4007F00F05E
:10F01000B580B9420A4600F2E1801CF4906F2FD00F
:10F02000216962695D1A02EB420202EBD2726B1C2B
:10F0300052103B44934292BF93469B461A461CF49F
:10F04000806F00F0EA8011464846FAF7FFFD00287D
:10F0500000F0F9802A4621690090F1F7D7FAA289D9
:10F06000009B22F4906242F08002A2815819ABEB1F
:10F070000505C4F814B02361A5602060BB463A467C
:10F0800051460092FEF7C8FCA1682368009AA1EBE4
:10F090000B011A443D46A16022600027D8F80830D1
:10F0A0005B1BAA44C8F80830002B3DD02368A16838
:10F0B000B4F90CC018468B46002FA6D1D6E900A79C
:10F0C00008369EE73846BB463D460097002D41D0A6
:10F0D000002846D0009A2068A168D4E90473AA42A7
:10F0E00028BF2A46B84204D901EB030A524500F36F
:10F0F0008580934275DCE169676A5A464846B8479D
:10F10000B0F1000A1ADD009BB3EB0A0300930FD0A5
:10F110000120D8F80830A3EB0A03D344A5EB0A0575
:10F12000C8F80830002BD1D1002003B0BDE8F08F23
:10F1300021464846FCF70EFF0028EAD0B4F90C300F
:10F1400043F04003A3814FF0FF3003B0BDE8F08FE0
:10F1500000207047756833460836002DFAD0D3F882
:10F1600000B02A460A215846F1F7EAFA002867D08B
:10F170000130A0EB0B0300931A46ACE722699A42D8
:10F1800014D36269BA4211D86FF00043BB4228BF62
:10F190003B46656A93FBF2F3E16902FB03F34846E1
:10F1A0005246A847051EC9DD7F1B77E7B94228BF35
:10F1B00039460D4618460A465146FEF72DFCA16811
:10F1C0002368491B2B44A16023600029ECD1214610
:10F1D0004846FCF7BFFE0028E6D0AFE7BB463A46FC
:10F1E0004EE759460192FEF717FC019AA3689B1A55
:10F1F000A360236813442360924684E7594652462D
:10F20000FEF70AFC23685344236021464846FCF776
:10F21000A1FE00283FF477AF90E74846FEF7D2FC06
:10F22000034600287FF422AF21694846FAF712FC12
:10F23000B4F90C300C22C9F8002023F080037FE7DA
:10F240006A1C009247E70C22B4F90C30C9F8002080
:10F2500076E700BF00FCFF7F38B52F4B1B680546E3
:10F260000C4613B15A6B002A4BD0B4F90C30180776
:10F270001CD5226922B313F0010107D06169002077
:10F280004942A060A1613AB1002038BD980758BF3B
:10F290006169A160002AF7D1190658BF1046F4D55C
:10F2A00043F04003A3814FF0FF3038BDD9062CD581
:10F2B0005A0712D4226943F00803A381002ADAD145
:10F2C00003F42071B1F5007FD5D02146284600F027
:10F2D0002DF8B4F90C302269CDE7216B51B104F15E
:10F2E0004002914204D02846FAF7B4FBB4F90C303E
:10F2F0000022226322690021C4E9002123F02403B3
:10F30000D9E71846FAF778F9AFE7092243F0400346
:10F310002A60A381C7E700BF1401002008B50620BA
:10F3200000F072F80120F2F773FB00BF2DE9F04105
:10F33000B1F90C300C46990796B008D504F1430397
:10F340000122C4E90432236016B0BDE8F081B4F9AB
:10F350000E100029064626DB6A4600F081F80028D8
:10F360001FDB019D05F47045A5F50055B5FA85F53F
:10F370004FF480686D094FF4006741463046FAF754
:10F3800065FCE8B1B4F90C30C4F8148043F0800394
:10F3900020602061A3813DBB3B43A38116B0BDE843
:10F3A000F081B4F90C3013F0800519D04FF040080B
:10F3B0000025414630462F46FAF748FC0028E1D1A7
:10F3C000B4F90C309A05BFD423F0030304F14302CF
:10F3D00043F002030121C4E90421A3812260B3E7C1
:10F3E0004FF480682F46C8E7B4F90E10304600F09D
:10F3F0004DF810B9B4F90C30CEE7A38923F003031C
:10F4000043F001031BB2C7E738B5144B1F281D6832
:10F410001ED8D5F83821044662B152F820304BB1DD
:10F42000012B05D0591C0FD0002142F8201098471D
:10F43000002038BD284600F051F8224601462846F3
:10F44000BDE8384000F034B816232B60012038BDE9
:10F4500016232B604FF0FF3038BD00BF1401002091
:10F4600070B50C46084D03460026204611461C4642
:10F470002E60F2F7F4FA431C00D070BD2B68002B0D
:10F48000FBD0236070BD00BFDC59002038B5074DAC
:10F490000022044608462A60F2F7E6FA431C00D030
:10F4A00038BD2B68002BFBD0236038BDDC59002011
:10F4B00070B50C46084D03460026204611461C46F2
:10F4C0002E60F2F79DFA431C00D070BD2B68002B14
:10F4D000FBD0236070BD00BFDC590020F2F78EBA6C
:10F4E00038B52DED028B55EC104B00F0F5F82246A7
:10F4F0002B4620462946B0EE408AF0EE608AF1F7AE
:10F5000085FC30B90022002320462946F1F756FC3D
:10F5100030B9B0EE480AF0EE680ABDEC028B38BD97
:10F52000FAF7F6F90022002321210160104619465E
:10F53000F1F7FCFA41EC180BB0EE480AF0EE680A5D
:10F54000BDEC028B38BD00BF51EC100B1E4A21F000
:10F55000004393421ED900B51C4A934285B008D996
:10F5600002460B46F0F730FE41EC100B05B05DF89B
:10F5700004FB684600F0A0FB00F0030001289DEDAD
:10F58000021B9DED000B14D0022807D0A0B900F09B
:10F590009BF9EBE79FED0A1B00F096B900F094F998
:10F5A00053EC102B03F1004300EE903A05B05DF8E8
:10F5B00004FB00F0C1FAF3E7012000F0BDFAD5E743
:10F5C0000000000000000000FB21E93FFFFFEF7F8B
:10F5D00051EC100B204A21F0004393421FD900B593
:10F5E0001E4A934285B008D902460B46F0F7ECFD5F
:10F5F00041EC100B05B05DF804FB684600F05CFBC5
:10F6000000F0030001289DED021B9DED000B17D0BB
:10F61000022809D0B8B9012000F08EFAEAE79FED80
:10F620000C1B002000F088BA012000F085FA53EC92
:10F63000102B03F1004300EE903A05B05DF804FB97
:10F6400000F042F9D6E700F03FF9F0E7AFF30080B1
:10F650000000000000000000FB21E93FFFFFEF7FFA
:10F6600008B52DED028BB0EE408A00F03FFDB4EE00
:10F67000488AF1EE10FAF0EE408A0AD6B0EE480A57
:10F6800000F01CF8F7EE007AB4EEE70AF1EE10FA9B
:10F6900004DCB0EE680ABDEC028B08BDFAF738F95D
:10F6A000BDEC028B034621221A600248BDE80840E7
:10F6B00000F00CB85014010800F014BE10EE103A1F
:10F6C00023F0004300EE103A704700BF9FED010A9F
:10F6D000704700BF0000C07F2DE9F84F764955EC18
:10F6E000104BA94300F0AB80002D2A46234655DD80
:10F6F0002C1562D0C2F31302E107A4F2FF3742F4E3
:10F70000801203D4D90F01EB42025B0052000026A5
:10F7100002EBD3727F105B001624B4464FF4001145
:10F720000CEB010090424FEAD3754FEA430303DC30
:10F7300000EB010C121A0E44013C05EB42024FEAA9
:10F740005101EDD1A04620254FF000400AE043D002
:10F75000510001EBD371013D0A464FEA43034FEAE2
:10F76000500045D0944508EB000EF0DABEF1000FD2
:10F770000EEB00080CDBE146A2EB0C019E4588BFB6
:10F7800001F1FF314900CC46A3EB0E030444E0E74E
:10F79000B8F1000FEFDB0CF10109EDE725F00041B6
:10F7A000214346D0002D71D1D90A153A5B050029B5
:10F7B000FAD0CE02144676D40A4600215200D50271
:10F7C000084601F10101F9D5C1F1200523FA05F53B
:10F7D0002A438B40241A8DE79E4502D94FEA4C01FB
:10F7E000B7E7BEF1000F0EEB000824DB0021CBE7EA
:10F7F000194312D0DFF8C4A0DFF8C4B0DAE9000181
:10F80000DBE90023F0F7E0FCDAE9008902460B4669
:10F8100040464946F1F7DCFAF8B96508711001F184
:10F820007F5101F5001101EB075345EAC67243EC25
:10F83000102BBDE8F88FB8F1000FACDAD6E72246FE
:10F840002B4620462946F1F747F822462B46F0F78B
:10F85000BDFC41EC100BBDE8F88FB4F1FF3FDAE9D5
:10F860000001DBE9002322D0F0F7B0FCDAE90089DF
:10F8700002460B4640464946F1F7A0FAC8B1A31C20
:10F8800004F1020508BF01366D08C7E722462B4682
:10F8900020462946F0F798FC02460B46F1F746F958
:10F8A00041EC100BC5E74FF0FF300A4692E70136F6
:10F8B000B4E70134B1E700BF0000F07F181701087A
:10F8C00010170108000000002DE9F04F57EC106BF5
:10F8D00027F00048B8F1795F5BEC11AB85B071D2CD
:10F8E00030463946F1F7A8FA002800F0F480324695
:10F8F0003B4630463946F0F7EFFF79A3D3E90023C2
:10F9000004460D46F0F7E8FF77A3D3E90023F0F7AC
:10F910005DFC22462B46F0F7DFFF75A3D3E90023F9
:10F92000F0F752FC22462B46F0F7D6FF72A3D3E93C
:10F930000023F0F74BFC22462B46F0F7CDFF70A3D7
:10F94000D3E90023F0F740FC22462B46F0F7C4FF32
:10F950006DA3D3E90023F0F739FC22462B46F0F7DC
:10F96000BBFFCDE900016E4B002220462946F0F78F
:10F97000B3FFDDE900238046894620462946F0F79B
:10F98000ABFF44464D468046894652465B4630466C
:10F990003946F0F7A1FF02460B4640464946F0F7CC
:10F9A00013FC02460B4620462946F0F70DFC0246A2
:10F9B0000B4600205B49F0F707FC41EC100B05B04B
:10F9C000BDE8F08F32463B4630463946F0F784FFBB
:10F9D00043A3D3E9002304460D46F0F77DFF42A37D
:10F9E000D3E90023F0F7F2FB22462B46F0F774FF31
:10F9F0003FA3D3E90023F0F7E7FB22462B46F0F7BD
:10FA00006BFF3DA3D3E90023F0F7E0FB22462B4632
:10FA1000F0F762FF3AA3D3E90023F0F7D5FB2246C3
:10FA20002B46F0F759FF38A3D3E90023F0F7CEFBBC
:10FA30002B462246F0F750FF3B4B9845CDE900019D
:10FA400091D93A4B98453DD8A8F500130022354985
:10FA5000002090469946F0F7B7FBCDE90201304B04
:10FA6000002220462946F0F737FF42464B46F0F782
:10FA7000ABFBDDE900238046894620462946F0F7A6
:10FA80002BFF44464D468046894652465B463046EB
:10FA90003946F0F721FF02460B4640464946F0F74B
:10FAA00093FB02460B4620462946F0F78DFB0246A3
:10FAB0000B46DDE90201F0F787FB41EC100B05B0C6
:10FAC000BDE8F08F9FED127BDFF864908DED027B37
:10FAD0004FF00008C3E79FED100B05B0BDE8F08FB5
:10FAE000D43888BEE9FAA8BDC4B1B4BD9EEE213EAB
:10FAF000AD529C804F7E923E9015CB19A001FA3EEC
:10FB00007751C1166CC1563F4C5555555555A53FBB
:10FB1000000000000000E73F000000000000F03F90
:10FB20000000E03F0000F03F3233D33F0000E93FE8
:10FB30000000D23F000000002DE9F04F55EC104BC3
:10FB400025F0004385B0B3F1795F8DED001B804651
:10FB500006D220462946F1F76FF9002800F08A8086
:10FB600022462B4620462946F0F7B6FE06460F46AB
:10FB700032463B4620462946F0F7AEFE43A3D3E982
:10FB8000002382468B4630463946F0F7A5FE41A356
:10FB9000D3E90023F0F718FB32463B46F0F79CFE12
:10FBA0003EA3D3E90023F0F711FB32463B46F0F7C2
:10FBB00093FE3CA3D3E90023F0F706FB32463B4615
:10FBC000F0F78AFE39A3D3E90023F0F7FFFACDE975
:10FBD0000201B8F1000F35D0DDE900012A4B002207
:10FBE000F0F77AFEDDE90223804689465046594601
:10FBF000F0F772FE02460B4640464946F0F7E4FA3B
:10FC000032463B46F0F768FEDDE90023F0F7DCFA08
:10FC10001BA3D3E9002306460F4650465946F0F78A
:10FC20005BFE02460B4630463946F0F7CFFA0246F5
:10FC30000B4620462946F0F7C7FA41EC100B05B0F9
:10FC4000BDE8F08F02460B4630463946F0F744FED9
:10FC50000BA3D3E90023F0F7B7FA52465B46F0F75F
:10FC60003BFE22462B46F0F7B1FA41EC100B05B0F3
:10FC7000BDE8F08F45EC104B05B0BDE8F08F00BF3C
:10FC8000495555555555C53F0000E03F7CD5CF5AE5
:10FC90003AD9E53DEB9C2B8AE6E55A3E7DFEB1570D
:10FCA000E31DC73ED561C119A0012A3FA6F8101176
:10FCB0001111813F000000002DE9F04F53EC102B93
:10FCC000874923F000458D4291B0044640F28E8072
:10FCD00084498D421E462AD8002E1046194676A326
:10FCE000D3E9002340F3A881F0F76EFA7E4B9D42E2
:10FCF00006460F4600F08B8071A3D3E90023F0F78E
:10FD000063FA8046894642464B4630463946F0F70C
:10FD10005BFA6BA3D3E90023F0F756FAC4E9008934
:10FD2000C4E902010127384611B0BDE8F08F6F49E0
:10FD30008D4240F286806E498D425FD84FEA255A47
:10FD4000AAF2164AA5EB0A51104690468946F1F7E9
:10FD500073F8F0F787FB02460B4640464946CDE96B
:10FD60000A23F0F731FA634B0022F0F7B5FD89461C
:10FD70008046F1F761F8F0F775FB02460B46404606
:10FD80004946CDE90C23F0F71FFA5A4B0022F0F751
:10FD9000A3FDCDE90E0110AF03254FF000084FF091
:10FDA000000977E9020142464B46AB46013DF0F7B8
:10FDB000FBFF0028F5D1504B0193022300935246DC
:10FDC0005B4621460AA800F00FFC002E0746AADA7F
:10FDD0006168226801F10043E168C4E90023A26878
:10FDE00001F10043C4E9022347429CE700200021BF
:10FDF00084ED000BC4E90201002794E71046194680
:10FE0000F0F7E2F9C4E90201C4E90001F4E72EA326
:10FE1000D3E90023F0F7D8F92DA3D3E90023064650
:10FE20000F46F0F7D1F98046894642464B463046A8
:10FE30003946F0F7C9F926A3D3E90023F0F7C4F94E
:10FE40006CE700F04BF959EC108B23A3D3E90023A6
:10FE500040464946F0F740FD284B0022F0F7B6F93E
:10FE6000F0F7EAFF0746F0F7FDFA02460B46CDE948
:10FE7000042311A3D3E90023F0F72EFD02460B461D
:10FE800040464946F0F7A0F90DA3D3E90023824686
:10FE90008B46DDE90401F0F71FFD1F2FCDE90201BC
:10FEA00030DC174B7A1E53F82230AB422AD0024680
:10FEB0000B469DE0AFF3008000004054FB21F93F6A
:10FEC0003163621A61B4D03D0000601A61B4D03D64
:10FED0007370032E8A19A33B83C8C96D305FE43F5A
:10FEE000FB21E93F7BD90240FB21F93FFB2139414E
:10FEF000FFFFEF7F00007041A01701080000E03F06
:10FF000020170108DDE9022350465946F0F75CF955
:10FF10002B150793C1F30A53C3EB1553102B8046DF
:10FF200089466BDD64A3D3E90023DDE90401F0F722
:10FF3000D3FC8046894642464B4650465946F0F728
:10FF400043F902460B4650465946CDE908239246EE
:10FF50009B46F0F739F942464B46F0F735F958A37E
:10FF6000D3E9002380468946DDE90401F0F7B4FCBB
:10FF700042464B46F0F728F902460B465046594692
:10FF8000CDE90223F0F720F9079AC1F30A53D31AF7
:10FF9000312B804689464CDD4CA3D3E90023DDE9B3
:10FFA0000401F0F799FC8046894642464B4650468C
:10FFB0005946F0F709F982468B4652465B46DDE921
:10FFC0000801F0F701F942464B46F0F7FDF841A36E
:10FFD000D3E9002380468946DDE90401F0F77CFC83
:10FFE00042464B46F0F7F0F802460B46CDE90223B5
:10FFF00050465946F0F7E8F88046894642464B4657
:020000040801F1
:10000000C4E9008950465946F0F7DEF8DDE90223DD
:10001000F0F7DAF8002EC4E90201BFF684AE09F168
:100020000043C4E9008301F10043C4E902037F42B5
:1000300079E6DDE908ABE1E7F0F7C8F8224B9D422D
:1000400006460F4618D01AA3D3E90023F0F7BEF8EE
:100050008046894642464B4630463946F0F7B4F86A
:1000600013A3D3E90023F0F7B1F8C4E90089C4E988
:1000700002014FF0FF3756E60FA3D3E90023F0F754
:10008000A5F80FA3D3E9002306460F46F0F79EF824
:100090008046894642464B4630463946F0F794F84A
:1000A00007A3D3E90023F0F791F8DEE7AFF3008070
:1000B0003163621A61B4D03D0000601A61B4D03D72
:1000C0007370032E8A19A33BFB21F93F0000002E19
:1000D0008A19A33BC14920259A837B3951EC100B27
:1000E000024621F0004343EC102B704738B510EE68
:1000F000105A25F00044B4F17E5F2DED048BF0EE34
:10010000407A7FD077D8B4F17C5F0ED2B4F1485FEB
:1001100080F092809FED637A30EE077AF7EE006A06
:10012000B4EEE67AF1EE10FA62DCB0EE670AFFF7A1
:10013000C5FAF7EE007A37EEC08AB6EE007A28EEFE
:10014000078ADFED596A9FED597A9FED596A9FED55
:10015000595ADFED595ADFED598AE8EE076A9FEDEB
:10016000587AA8EE067A9FED576AA6EE885AA7EE4F
:10017000086A9FED557ADFED556AE5EE085AA6EE5E
:10018000087AE5EE886AE7EE087AE6EE888AB0EE4D
:10019000480AB0EE679A00F023FA4D4B9C4268EE95
:1001A000888A3AD810EE103A6FF30B0306EE903AB5
:1001B000A6EEE68A70EE267A88EE895AC8EE274ABD
:1001C0009FED447ADFED447AB0EE006AA4EEC67A81
:1001D00030EE000AF0EE675A90EE057AE6EEC65A67
:1001E00037EE657A37EEC70A002D01DCB1EE400A22
:1001F000BDEC048B38BDBDEC048B70EE407A87EE0D
:10020000A70A38BDBDEC048B9FED320A9FED337A0F
:1002100027EE800AA7EE870A38BD88EE896A9FED2F
:10022000307ADFED2E7AA0EE060AF0EE006AA0EE3C
:10023000267A37EEC70AD7E720EE007ADFED1B6A91
:100240009FED196ADFED1B5A9FED195ADFED1A4A2F
:10025000A7EE266ABDEC048BE6EE075ADFED186ABE
:100260009FED186AE7EE056AE5EE874AA6EE876A13
:100270009FED165ADFED145ADFED106AA4EE875A8F
:10028000E6EE075AE5EE076AB7EE006AA5EE876A62
:1002900026EE877AC7EE066AE0EE267AB0EE670AA7
:1002A00038BD00BFCAF24971047F4F3A08EF1138D8
:1002B0002EC69D3D461124BDA80A4E3EABAA2A3E3D
:1002C000613330BF2D57014039D119C090B0A6BE5F
:1002D0009999793F2EBD3BB3DB0F493FDB0FC93FF7
:1002E0002EBD3B3310B582B0CDED010A019B23F04A
:1002F0000042B2F1FF4FF0EE407A30D810EE100A13
:1003000020F00041B1F1FF4F29D8B3F17E5F42D018
:100310009C1704F0020444EAD07431B37AB3B2F10A
:10032000FF4F40D0B1F1FF4F29D0891AB1F1F45FEE
:100330004FEAE15234DA002B42DA3C3240DA9FEDE8
:10034000340A012C4ED0022C43D064B19FED317A97
:10035000DFED317A30EE070A30EE670A03E09DEDFB
:10036000017A37EE270A02B010BD022C10D09FEDA3
:100370002B7A032C08BFB0EE470A02B010BD9FEDE8
:10038000280ADFED287A0028A8BFB0EE670AEAE75E
:100390009FED210AE7E702B0BDE8104000F04AB83F
:1003A0009FED200ACDE7B1F1FF4F04F1FF3420D0DB
:1003B000022C26D81C4B03EB840393ED000AD2E7F2
:1003C0009DED017A87EE870AFFF778F900F032F8A1
:1003D000B7E79FED107ADFED107A30EE070A37EEBF
:1003E000C00AC0E710EE103A03F1004300EE103AE5
:1003F000B9E7022C08D80D4B03EB840393ED000AF8
:10040000B1E79FED030AAEE79FED090AABE700BF36
:10041000000000002EBDBB33DB0F4940DB0F49C09D
:10042000DB0FC9BFDB0FC93FA8180108B4180108CA
:10043000DB0F493F38B510EE105A25F00044B4F1F7
:10044000A14FF0EE407A0DD3B4F1FF4F5BD8DFED52
:10045000517A9FED517A002DCCBFB0EE470AB0EE35
:10046000670A38BD4D4B9C425CD8B4F1445F4DD314
:100470004FF0FF3327EEA76A9FED495A9FED497A67
:10048000DFED495ADFED494A66EE066A5A1CA6EED0
:10049000857AE6EEA54A9FED465ADFED465AA7EE6D
:1004A000265AE4EEA65A9FED447ADFED444AA5EEC3
:1004B000267AE5EEA64A9FED425ADFED425AA7EEB4
:1004C000265A9FED417AA4EEA67AE5EE265A27EE4B
:1004D000267AA5EE867A27EE877A38D03B493C4AC1
:1004E00001EB8301D1ED006A37EE667A02EB8303FC
:1004F000D3ED006A37EE677A002D36EEC70AB0DA20
:10050000B1EE400A38BD30EE000A38BD9FED317AB9
:1005100030EE077AF7EE006AB4EEE67AF1EE10FA02
:10052000A6DD38BDFFF7CAF82B4B9C4212D8A3F5C5
:10053000D0039C4223D8F0EE007ABFEE007AA0EE02
:10054000277A002330EE270AC7EE007A92E737EECB
:10055000C70A38BD214B9C420BD8F7EE087AB7EE9C
:10056000007AA0EE277A022330EE670AC0EE077AFF
:1005700080E7BFEE007AC7EE007A03237AE7F7EE52
:10058000007A30EE677A30EE270A0123C7EE007A50
:1005900070E700BFDB0FC9BFDB0FC93FFFFFDF3EC6
:1005A000D769853C59DA4B3D21A215BD6BF16EBD73
:1005B000356B883D95879DBD6E2EBA3D388EE3BD67
:1005C0002549123EABAAAA3ECDCC4CBEC0180108AC
:1005D000D0180108CAF24971FFFF973FFFFF1B4087
:1005E000B1EEC00A704700BF2DE9F04FADF5197D9F
:1005F0009C460B91BD4BA299049053F82130059372
:1006000012F1140F0CF1FF330393C0F2AD82B8491D
:10061000D31E81FB0301DB17C3EBA1030893013356
:10062000A3EB8303DB00D618089A039BD41A059A20
:10063000D7181DD40137DDF88CA2274420AD4FF028
:1006400000084FF00009E34608E05AF82400EFF7ED
:1006500009FF0134BC42E5E8020108D0002CF4DABD
:10066000013440464946BC42E5E80201F6D1DC4689
:10067000059B002BB8BF4FEACC0738DB20AB03EB60
:10068000CC0A059BDDF80C90029663444FEACC0738
:100690000093049BCDE906C70DF5E07B03EBCC0886
:1006A0004B46D9469B46039B002BC0F2A281049E79
:1006B00057460024002577E90223F6E80201F0F707
:1006C0000BF902460B4620462946EFF77FFD4645CB
:1006D00004460D46EFD1009B0BF1010B9B45E9E869
:1006E00002450AF1080ADED1DDE906C7029E049B35
:1006F000059A009203EB070B0CAB03EB8203043B60
:1007000009930CAB03EB8207CDF828C0009A98AB95
:1007100003EBC203002A53E928454FEAC2082CDD47
:100720000DF5E07AD0440DF1300902960697714B31
:10073000002220462946F0F7CFF8F0F77DFBEFF7CF
:1007400091FE6D4B002206460F46F0F7C5F80246B3
:100750000B4620462946EFF737FDF0F76DFB78E9A9
:10076000022349F8040B39463046EFF72FFDD045F8
:1007700004460D46DBD1029E069F45EC104B3046E9
:1007800000F04AFB55EC104B00224FF07F532046FF
:100790002946F0F7A1F841EC100B00F0C9FB574BCC
:1007A00051EC100B0022F0F797F802460B4620465A
:1007B0002946EFF709FD0D460446F0F73DFB82465A
:1007C000EFF750FE02460B4620462946EFF7FCFCA9
:1007D000002E8046894640F39380009B0CAA581E49
:1007E000C6F1180352F8202042FA03F404FA03F386
:1007F000D21AC6F117010CAB42FA01F5002D43F8ED
:100800002020A24400F3DC80002200234046494619
:10081000F0F7CAFA002800F05782009B059A93422D
:100820000CDD0CAA02EB8303002253F8041DBB422B
:1008300042EA0102F9D1002A40F0DE80059B0CAAB1
:10084000013B52F82330002B40F0CE80099A01235F
:1008500052F8041D01330029FAD0009A13440132E2
:10086000914600990A9802930144089802EB000A05
:100870000AF1804AA3980AF1FF3A00EB8A0A20A8FD
:1008800000EBC108CDE9066770A901EBC202009236
:100890005AF8040FEFF7E6FD039B002BE8E802018E
:1008A00020DB049E47460024002577E90223F6E872
:1008B0000201F0F711F802460B4620462946EFF7F1
:1008C00085FC5E4504460D46EFD1009BE3E80245FA
:1008D0000093029B09F101099945D9DDDDE906671D
:1008E000009313E700240025EFE700BF201901085B
:1008F000ABAAAA2A0000703E000070410000204010
:1009000055D1009B0CAA013B52F82350ED15002D48
:100910007FF77AAF009B002B0AF1010A40F3438274
:100920000CAB002253F8044B002C3BD0C4F1807474
:1009300043F8044C6FF07F40009C03E01968411AB3
:1009400043F8041B01329442F8DC0124002E0DDD33
:10095000012E3ED0022E09D1009B5A1E0CAB0CA9D1
:1009600053F82230C3F3150341F82230022D7FF4EF
:100970004BAF42464B4694490020EFF725FC80469A
:100980008946002C3FF440AF30469FED8D0B00F0C0
:1009900043FA4046494653EC102BEFF715FC8046CE
:1009A000894631E7009901329142BBDCCEE7874BA3
:1009B0000022F0F717FA002840F0C480054623E72C
:1009C000009B002B0AF1010AD8BF0024A8DC012EED
:1009D000C0D1009B5A1E0CAB0CA953F82230C3F3B4
:1009E000160341F82230C1E7009B5A1C914613467A
:1009F00037E7002400256EE6009A0CAB541ECDE9C3
:100A0000035A53F82430183E5BB902F18043013B8E
:100A10000CAA02EB830353F8042D013C183E002A74
:100A2000F9D030469FED660B00F0F6F9002C57EC3C
:100A3000106BC0F2C48104F1010A0CAB03EB8A0510
:100A40004FEACA0270ABDFF8889103EBCA0A4FF095
:100A50000008934655F8040DEFF704FD32463B4677
:100A6000EFF73AFF4B466AE9020142463046394603
:100A7000EFF732FF0CAB9D4206460F46EAD1ABF1D1
:100A8000080370A95A4601EB030A0DF590784FF060
:100A90000009CDE9064243465246A346CA46DDF860
:100AA0001490CDF81480B9F1000FC0F28380DFF804
:100AB000248100931746002600240025029201E0BD
:100AC000564510DCF7E80223F8E80201EFF704FFCF
:100AD00002460B4620462946EFF778FB0136B14522
:100AE00004460D46ECDA009B029A0BF1FF3BBBF18A
:100AF000FF3FE3E802450AF1010AA2F10802D2D160
:100B0000A29BDDF81480022BDDE9064264DC002B99
:100B10002FDC10D108EB02040020002174E902232D
:100B2000EFF754FB4445F9D1039B002B40F037818C
:100B30000B9BC3E90001049B03F007000DF5197D31
:100B4000BDE8F08F009B002B0AF1010AC8BF022507
:100B50003FF7E6AE42464B461B490020EFF734FB19
:100B60000225804689464FE600216FF01703089161
:100B700059E508EB02050026002775E902233046F7
:100B80003946EFF723FB454506460F46F5D13B4670
:100B9000D5E900013246EFF717FB039B002B00F06D
:100BA000E2800B9D07F10043C5E90063002C40F093
:100BB000DE80E7E00024002597E700BFAFF3008068
:100BC000000000000000F03F0000F03F0000E03FA8
:100BD0000000703EE0180108A29B032BABD1002C53
:100BE00000F0FD8008EBC4054FEAC40AD5E90067B0
:100BF000CDE905A50095A946029479E9024530465C
:100C0000394622462B46EFF7E1FAB246BB46064686
:100C10000F4632463B4620462946EFF7D5FA524664
:100C20005B46EFF7D3FAC145C9E90201C9E900679C
:100C3000E3D1029C012CDDE905A500F0D080D5E9C7
:100C40000045009E08F1080B474676E902892046D8
:100C5000294642464B46CDE90045EFF7B7FA044630
:100C60000D4622462B4640464946EFF7ADFADDE9F0
:100C70000023EFF7ABFAB345C6E90201C6E9004528
:100C8000E3D10AF10804B8463C4407F110050020FE
:100C9000002174E90223EFF799FAA542F9D1039BE9
:100CA000D8E90067D8E90245002B47D10B9BC3E97F
:100CB0000401C3E90067C3E90245049B03F0070090
:100CC0000DF5197DBDE8F08F704249EC108BCDE930
:100CD000035A00F0A1F855EC104B4B4B0022204674
:100CE0002946F0F77FF8F8B1484B00222046294604
:100CF000EFF7F2FDF0F7A0F80746EFF7B3FB424B32
:100D00000022EFF7E9FD02460B4620462946EFF7A1
:100D10005BFAF0F791F8009B0CAA5C1C42F82300E8
:100D2000183642F824707CE620462946F0F784F80D
:100D3000009B0CAA1C4642F8230072E632460B9E2A
:100D400007F10043C6E9002305F10043C6E9024369
:100D500001F10043C6E90403049B03F007000DF50D
:100D6000197DBDE8F08F0B9BC3E900676CB14AAEFB
:100D70000125F6E802230135EFF728FAAC42F8DA4C
:100D8000039B13B101F1004319460B9BC3E9020118
:100D9000049B03F007000DF5197DBDE8F08F01F10C
:100DA00000431946C4E6022D7FF42EAD02460B46E1
:100DB00000201749EFF708FA8046894624E5A29BF0
:100DC000022B06DC002B0DDC7FF4B5AE00200021E9
:100DD000AAE6A29B032B7FF4AEAE0DF5907800201F
:100DE00000215CE7039BDDE9480133B10B9C002245
:100DF0004FF00043C4E90023C4E70B9C002200230A
:100E0000C4E90023C1E700BF000070410000703E4C
:100E10000000F03F0000000070B555EC104BC5F32A
:100E20000A5206462B4672BB25F00043234329D0C5
:100E30003B4B204629460022EFF74EFD394B9E42A0
:100E400004460D4652DBC1F30A520B46363A4CF2C9
:100E500050318E4223DC164440F2FE7296421EDC74
:100E6000002E34DC16F1350F38DB6FF31E533636A7
:100E700043EA065520462C4B29460022EFF72CFD6D
:100E800041EC100B70BD40F2FF718A42DFD1224667
:100E900020462946EFF79AF941EC100B70BD002D62
:100EA00017A1D1E9000107DB15A3D3E90023EFF770
:100EB00013FD41EC100B70BD13A1D1E9000110A38B
:100EC000D3E90023EFF708FD41EC100BF3E76FF3D4
:100ED0001E5343EA065545EC104B70BD002D0CA186
:100EE000D1E9000102DA0CA1D1E9000108A3D3E99C
:100EF0000023EFF7F1FC41EC100B70BDAFF3008065
:100F00009C7500883CE4377E9C7500883CE437FE85
:100F100059F3F8C21F6EA50159F3F8C21F6EA581DF
:100F200000005043B03CFFFF0000903C0000000078
:100F300051EC100BC1F30A532DE9F041A3F2FF3538
:100F4000132D0C46064632DC002D20DB384B43FACD
:100F500005F801EA080303430F462DD032A3D3E975
:100F60000023EFF733F900220023EFF745FF40B1EC
:100F7000002C03DA4FF480132B411F4427EA0804A6
:100F800000262346324643EC102BBDE8F08126A311
:100F9000D3E90023EFF71AF900220023EFF72CFF23
:100FA0000028EED0002C2ADB00263446E9E7332D5A
:100FB00006DDB5F5806F1BD041EC100BBDE8F0816C
:100FC000A3F213434FF0FF37DF400742F4D016A3DC
:100FD000D3E90023EFF7FAF800220023EFF70CFF24
:100FE0000028CED0002C334610DB23EA0706C8E7E2
:100FF00002460B46EFF7EAF841EC100BDEE724F06F
:10100000004426430DD14FF00044BAE7142D06D01A
:10101000C5F134050122AA401344B342E5D201349C
:10102000E3E7044C0026ACE79C7500883CE4377E7F
:10103000FFFF0F000000F0BFF8B500BFF8BC08BC10
:101040009E467047F8B500BFF8BC08BC9E46704786
:10105000B41201083D11000800000000000000006B
:10106000800000000000000000000000A412010841
:10107000C1710008FDFF00000000000080000000BA
:101080000000000000000000941201085D8E0008BE
:10109000FDFF000000000000000100000000000053
:1010A000000000008812010801810008FDFF000017
:1010B00000000000800000000000000000000000B0
:1010C00078120108C9760008FDFF0000000000004A
:1010D000800000000000000000000000681201080D
:1010E000E9800008FDFF0000000000008000000013
:1010F00000000000000000005812010851800008A4
:10110000FDFF000000000000800000000000000063
:10111000000000004C12010889870008FDFF000054
:10112000000000008000000000000000000000003F
:101130003C1201085D8D0008FDFF0000000000006A
:1011400080000000000000000000000034120108D0
:10115000C9890008FDFF00000000000080000000B9
:1011600000000000000000002C1201082D8C000877
:10117000FDFF0000000000008000000000000000F3
:10118000000000002012010895680008FDFF000023
:1011900000000000800000000000000000000000CF
:1011A00010120108958E0008FDFF000000000000ED
:1011B0008000000000000000000000000412010890
:1011C00025910008FDFF00000000000080000000E5
:1011D0000000000000000000F411010847110008A1
:1011E000FDFF000000000000800000000000000083
:1011F00000000000506F7765725F56616C75655F27
:10120000746173007869616F6D695F7461736B00FD
:1012100061696D5F756172745F7461736B0000006A
:10122000696D755F646174610000000073657276BA
:101230006F000000726566657265650073686F6FA8
:10124000745F636F6E5F7461736B000067696D62DA
:10125000616C5461736B0000636861737369734DF3
:101260006F746F72546173006572725F6465635F5F
:101270007461736B0000000063616E5F73656E7470
:101280005F7461736B0000006765745F72635F7405
:1012900061736B00756172745F73656E745F746502
:1012A00073740000626F6172645F4C45445F7461E7
:1012B000736B000064656661756C745461736B00D8
:1012C00049444C4500000000FFFFFFFFFFFFFF0007
:1012D00025642C25662C25640D0A0000494E460025
:1012E000696E66004E414E006E616E0030313233E1
:1012F0003435363738396162636465660000000052
:10130000303132333435363738394142434445463B
:1013100000000000286E756C6C2900003000000091
:101320002E0000004C435F434F4C4C41544500009D
:101330004C435F4354595045000000004C435F4DFF
:101340004F4E4554415259004C435F4E554D455206
:10135000494300004C435F54494D45004C435F4DA9
:101360004553534147455300496E66696E69747928
:10137000000000004E614E0042616C6C6F63207390
:101380007563636565646564000000002F646174C3
:10139000612F6A656E6B696E732F776F726B7370F6
:1013A0006163652F474E552D746F6F6C636861697B
:1013B0006E2F61726D2D31332F7372632F6E6577CF
:1013C0006C69622D63796777696E2F6E65776C69DA
:1013D000622F6C6962632F7374646C69622F64742A
:1013E0006F612E63000000002F646174612F6A65D5
:1013F0006E6B696E732F776F726B73706163652F9D
:10140000474E552D746F6F6C636861696E2F617202
:101410006D2D31332F7372632F6E65776C69622D7A
:1014200063796777696E2F6E65776C69622F6C6977
:1014300062632F7374646C69622F6D707265632EC2
:10144000630000002C2066756E6374696F6E3A202D
:1014500000000000617373657274696F6E2022254D
:101460007322206661696C65643A2066696C652048
:10147000222573222C206C696E6520256425732536
:10148000730A0000000000000102030400000000D5
:1014900000000000010203040607080900061016F8
:1014A000000610160F000810820911000A15800BA3
:1014B00016000C18010D00007D04017C000240ABF9
:1014C000034100055308065804070000303030304F
:1014D000303030303030303030303030202020204C
:1014E0002020202020202020202020200500000077
:1014F000190000007D0000000080E03779C34143FF
:10150000176E05B5B5B89346F5F93FE9034F384D69
:10151000321D30F94877825A3CBF737FDD4F157515
:10152000000000000000F03F000000000000244028
:1015300000000000000059400000000000408F4003
:10154000000000000088C34000000000006AF8406E
:101550000000000080842E4100000000D012634192
:101560000000000084D797410000000065CDCD4108
:10157000000000205FA00242000000E876483742E9
:10158000000000A2941A6D42000040E59C30A24287
:101590000000901EC4BCD64200003426F56B0C43FC
:1015A0000080E03779C3414300A0D88557347643A3
:1015B00000C84E676DC1AB43003D9160E458E14304
:1015C000408CB5781DAF154450EFE2D6E41A4B4479
:1015D00092D54D06CFF08044F64AE1C7022DB544BE
:1015E000B49DD9794378EA4400202020202020208F
:1015F00020202828282828202020202020202020C3
:1016000020202020202020202088101010101010D2
:10161000101010101010101010040404040404041E
:1016200004040410101010101010414141414141B8
:10163000010101010101010101010101010101019A
:1016400001010101101010101010424242424242AA
:10165000020202020202020202020202020202026A
:101660000202020210101010200000000000000012
:10167000000000000000000000000000000000006A
:10168000000000000000000000000000000000005A
:10169000000000000000000000000000000000004A
:1016A000000000000000000000000000000000003A
:1016B000000000000000000000000000000000002A
:1016C000000000000000000000000000000000001A
:1016D000000000000000000000000000000000000A
:1016E000000000000000000000000000303030303A
:1016F000303030303030303030303030202020202A
:101700002020202020202020202020200000000059
:1017100059F3F8C21F6EA501000000000000F03F61
:10172000FB21F93FFB2109407CD91240FB211940E4
:101730007A6A1F407CD92240BBFD2540FB2129400D
:101740003A462C407A6A2F405C4731407CD932407F
:101750009C6B3440BBFD3540DB8F3740FB2139406B
:101760001BB43A403A463C405AD83D407A6A3F4022
:101770004C7E40405C4741406C1042407CD9424026
:101780008CA243409C6B4440AC344540BBFD45407B
:10179000CBC64640DB8F4740EB584840FB214940D1
:1017A00083F9A200444E6E00FC291500D157270092
:1017B000DD34F50062DBC0003C99950041904300A8
:1017C0006351FE00BBDEAB00B761C5003A6E24007A
:1017D000D24D42004906E00009EA2E001C92D100D9
:1017E000EB1DFE0029B11C00E83EA700F535820084
:1017F00044BB2E009CE98400B4267000417E5F004B
:10180000D6913900538339009CF439008B5F8400F2
:1018100028F9BD00F81F3B00DEFF97000F98050078
:10182000112FEF000A5A8B006D1F6D00CF7E36001E
:1018300009CB2700464FB7009E663F002DEA5F00A8
:10184000BA277500E5EBC7003D7BF100F7390700CB
:1018500092528A00FB6BEA001FB15F00085D8D00A9
:10186000300356007BFC4600F0AB6B0020BCCF0081
:1018700036F49A00E3A91D005E619100081BE600A2
:1018800085996500A0145F008D40680080D8FF0036
:1018900027734D0006063100CA561500C9A873000B
:1018A0007BE260006B8CC00000000080DB0F4940D1
:1018B000DB0F49C0DB0F49BFE4CB1640E4CB16C0B9
:1018C0006937AC3168212233B40F14336821A23355
:1018D0003863ED3EDA0F493F5E987B3FDA0FC93F30
:1018E00000000040FB21F93F000000002D44743E41
:1018F000000000809846F83C0000006051CC783B26
:1019000000000080831BF0390000004020257A3859
:10191000000000802282E336000000001DF36935DC
:1019200002000000030000000400000006000000A8
:08193000DCECFE7F0100000069
:081938007D990008F10E000882
:04194000C90E0008C4
:101944000000803F000000000000000000000000D4
:10195400010000000024F400010000001000000059
:10196400AAAAAAAA58A08B3AE7416B3A0000803F82
:10197400CDCC4C3ECDCC4C3D000000000000803F5F
:10198400CDCCCC3D0000000000000040CDCCCC3DCF
:101994000000A0400000A040CDCCCC3D00000000E1
:1019A4000000A040CDCCCC3D000000000000A040D1
:1019B400CDCCCC3D000000000000A040CDCCCC3DFF
:1019C400000000000000A040CDCCCC3D0000000091
:1019D4000000A040CDCCCC3D00000000CDCCCC3EDE
:1019E400000000000000000000401C460000A04170
:1019F4000000000000401C460000A0410000000060
:101A0400CDCC4C3E0000000000000000000020414E
:101A1400CDCC4C3E000000000000803F00000000E0
:101A240000000000000000400AD7233C0000000032
:101A34000000803F000000000000000000000040A3
:101A44000AD7233C0000000000000000030000004F
:101A5400A05800201801002000000000A058002019
:101A64000859002070590020000000000000000008
:101A74000000000000000000000000000000000062
:101A84000000000000000000000000000000000052
:101A94000000000000000000000000000000000042
:101AA4000000000000000000000000000000000032
:101AB4000000000000000000000000000000000022
:101AC4000000000000000000000000000000000012
:101AD4000000000000000000000000000000000002
:101AE40000000000000000000000000000000000F2
:101AF40001000000000000000E33CDAB34126DE68F
:101B0400ECDE05000B0000000000000000000000F7
:101B140000000000000000000000000000000000C1
:101B240000000000000000000000000000000000B1
:101B340000000000000000000000000000000000A1
:101B44000000000000000000000000000000000091
:101B54000000000000000000000000000000000081
:101B64000000000000000000000000000000000071
:101B74000000000000000000000000000000000061
:101B84000000000000000000000000000000000051
:101B94000000000000000000E4590020FFFFFFFFE8
:101BA400000002000000000000000000000000002F
:101BB40068020020680200207002002070020020E9
:101BC4007802002078020020800200208002002099
:101BD4008802002088020020900200209002002049
:101BE4009802002098020020A0020020A0020020F9
:101BF400A8020020A8020020B0020020B0020020A9
:101C0400B8020020B8020020C0020020C002002058
:101C1400C8020020C8020020D0020020D002002008
:101C2400D8020020D8020020E0020020E0020020B8
:101C3400E8020020E8020020F0020020F002002068
:101C4400F8020020F8020020000300200003002016
:101C540008030020080300201003002010030020C4
:101C64001803002018030020200300202003002074
:101C74002803002028030020300300203003002024
:101C840038030020380300204003002040030020D4
:101C94004803002048030020500300205003002084
:101CA4005803002058030020600300206003002034
:101CB40068030020680300207003002070030020E4
:101CC4007803002078030020800300208003002094
:101CD4008803002088030020900300209003002044
:101CE4009803002098030020A0030020A0030020F4
:101CF400A8030020A8030020B0030020B0030020A4
:101D0400B8030020B8030020C0030020C003002053
:101D1400C8030020C8030020D0030020D003002003
:101D2400D8030020D8030020E0030020E0030020B3
:101D3400E8030020E8030020F0030020F003002063
:101D4400F8030020F8030020000400200004002011
:101D540008040020080400201004002010040020BF
:101D6400180400201804002020040020200400206F
:101D7400280400202804002030040020300400201F
:101D840038040020380400204004002040040020CF
:101D9400480400204804002050040020500400207F
:101DA400580400205804002060040020600400202F
:101DB40068040020680400207004002070040020DF
:101DC400780400207804002080040020800400208F
:101DD400880400208804002090040020900400203F
:101DE4009804002098040020A0040020A0040020EF
:101DF400A8040020A8040020B0040020B00400209F
:101E0400B8040020B8040020C0040020C00400204E
:101E1400C8040020C8040020D0040020D0040020FE
:101E2400D8040020D8040020E0040020E0040020AE
:101E3400E8040020E8040020F0040020F00400205E
:101E4400F8040020F804002000050020000500200C
:101E540008050020080500201005002010050020BA
:101E6400180500201805002020050020200500206A
:101E7400280500202805002030050020300500201A
:101E840038050020380500204005002040050020CA
:101E9400480500204805002050050020500500207A
:101EA400580500205805002060050020600500202A
:101EB40068050020680500207005002070050020DA
:101EC400780500207805002080050020800500208A
:101ED400880500208805002090050020900500203A
:101EE4009805002098050020A0050020A0050020EA
:101EF400A8050020A8050020B0050020B00500209A
:101F0400B8050020B8050020C0050020C005002049
:101F1400C8050020C8050020D0050020D0050020F9
:101F2400D8050020D8050020E0050020E0050020A9
:101F3400E8050020E8050020F0050020F005002059
:101F4400F8050020F8050020000600200006002007
:101F540008060020080600201006002010060020B5
:101F64001806002018060020200600202006002065
:101F74002806002028060020300600203006002015
:101F840038060020380600204006002040060020C5
:101F94004806002048060020500600205006002075
:101FA4005806002058060020600600206006002025
:101FB40043000000000000000000000000000000DA
:101FC400000000000000000000000000000000000D
:101FD40043000000000000000000000000000000BA
:101FE40000000000000000000000000000000000ED
:101FF400430000000000000000000000000000009A
:1020040000000000000000000000000000000000CC
:102014004300000000000000000000000000000079
:1020240000000000000000000000000000000000AC
:102034004300000000000000000000000000000059
:10204400000000000000000000000000000000008C
:102054004300000000000000000000000000000039
:10206400000000000000000000000000000000006C
:102074004300000000000000000000000000000019
:10208400000000000000000000000000000000004C
:10209400D9D8000821D1000800000000E815010883
:1020A40020130108501401085014010850140108A9
:1020B4005014010850140108501401085014010868
:1020C4005014010850140108FFFFFFFFFFFFFFFF3A
:1020D400FFFFFFFFFFFF0000010041534349490098
:1020E40000000000000000000000000000000000EC
:1020F4000000000000000000000041534349490073
:1021040000000000000000000000000000000000CB
:0C211400000000000000000000000000BF
:040000050800218D41
:00000001FF
